history_item_id,text,voice_name,voice_id,tarih,karakter_sayisi,model_id,state
STW2pkVrkY0l9rbWzGFq,"Anlayamadım, evet mi hayır mı?","Adam - Dominant, Firm",pNInz6obpgDQGcFmaJgB,2026-06-25 00:55:57,30,eleven_multilingual_v2,created
sD6Fy4EKAnwZf3XFzgYA,"Anlamadım, lütfen tekrar dener misiniz?","Adam - Dominant, Firm",pNInz6obpgDQGcFmaJgB,2026-06-25 00:55:42,39,eleven_multilingual_v2,created
yARCRVyyNy9gkNJoU9M1,"Anlayamadım, evet mi hayır mı?","Adam - Dominant, Firm",pNInz6obpgDQGcFmaJgB,2026-06-25 00:55:19,30,eleven_multilingual_v2,created
b3gaPJhtqxSdreHwPEYL,"Anlayamadım, lütfen tekrar eder misiniz?","Adam - Dominant, Firm",pNInz6obpgDQGcFmaJgB,2026-06-25 00:55:02,40,eleven_multilingual_v2,created
p0XvhV7DI14nFe0s24dZ,"Anlayamadım, lütfen tekrar dener misiniz?","Adam - Dominant, Firm",pNInz6obpgDQGcFmaJgB,2026-06-25 00:32:43,41,eleven_multilingual_v2,created
0kERyOAB8iX4Sezu6zUR,"Anlayamadım, evet mi hayır mı?","Adam - Dominant, Firm",pNInz6obpgDQGcFmaJgB,2026-06-25 00:30:02,30,eleven_multilingual_v2,created
UP1prEDlDUvWr0PujZ2E,"Anlamadım, lütfen tekrar dener misiniz?","Adam - Dominant, Firm",pNInz6obpgDQGcFmaJgB,2026-06-25 00:29:51,39,eleven_multilingual_v2,created
Y9fbaPqLSCj8MZUYFVm3,"Anlayamadım, evet mi hayır mı?","Adam - Dominant, Firm",pNInz6obpgDQGcFmaJgB,2026-06-25 00:29:34,30,eleven_multilingual_v2,created
1Zar9tjbo4ds8oVZLcfG,"Anlayamadım, lütfen tekrar dener misiniz?","Adam - Dominant, Firm",pNInz6obpgDQGcFmaJgB,2026-06-25 00:29:17,41,eleven_multilingual_v2,created
9wsvTwnWn7xaY1YBw3OD,"Anlayamadım, evet mi hayır mı?","Adam - Dominant, Firm",pNInz6obpgDQGcFmaJgB,2026-06-25 00:28:24,30,eleven_multilingual_v2,created
07fnuyP6JRkkjqvTw33q,"Anlayamadım, ne demek istediğinizi açıklar mısınız?","Adam - Dominant, Firm",pNInz6obpgDQGcFmaJgB,2026-06-25 00:28:02,51,eleven_multilingual_v2,created
vbOn6T6SDFNVY2OELtoh,"Anlayamadım, lütfen tekrar dener misiniz?","Adam - Dominant, Firm",pNInz6obpgDQGcFmaJgB,2026-06-25 00:27:35,41,eleven_multilingual_v2,created
It4GPonRGBzZwvhvIsfp,"Anlayamadım, evet mi hayır mı?","Adam - Dominant, Firm",pNInz6obpgDQGcFmaJgB,2026-06-25 00:27:18,30,eleven_multilingual_v2,created
HvlnClrGZxpk38LDpWpL,"Anlayamadım, lütfen tekrar dener misiniz?","Adam - Dominant, Firm",pNInz6obpgDQGcFmaJgB,2026-06-25 00:27:11,41,eleven_multilingual_v2,created
vaDWqAYUdTQeFlIBHVvJ,"Anlayamadım, lütfen tekrar dener misiniz?","Adam - Dominant, Firm",pNInz6obpgDQGcFmaJgB,2026-06-25 00:26:45,41,eleven_multilingual_v2,created
YRNu3EOKr4J5Gu9Q8qFa,"Web deploy başlatıldı, birkaç dakika sürecek.","Adam - Dominant, Firm",pNInz6obpgDQGcFmaJgB,2026-06-24 20:45:07,45,eleven_multilingual_v2,created
FYgsboHTg0ZEw4Uts7GX,Vybid web deploy edilsin mi?,"Adam - Dominant, Firm",pNInz6obpgDQGcFmaJgB,2026-06-24 20:44:29,28,eleven_multilingual_v2,created
zQSc8PMCCznjAfjQwdD8,"Anlayamadım, evet mi hayır mı?","Adam - Dominant, Firm",pNInz6obpgDQGcFmaJgB,2026-06-24 19:44:56,30,eleven_multilingual_v2,created
V1G3mNneBnTLjy9VUEdz,"Site ayakta, her şey normal.","Adam - Dominant, Firm",pNInz6obpgDQGcFmaJgB,2026-06-24 19:44:42,28,eleven_multilingual_v2,created
Tmhi68JvwNL3ZP8WKuFS,"Anlayamadım, evet mi hayır mı?","Adam - Dominant, Firm",pNInz6obpgDQGcFmaJgB,2026-06-24 19:44:22,30,eleven_multilingual_v2,created
mdOOO1TqZwTJ3q1aCqHc,"Site ayakta, her şey normal.","Adam - Dominant, Firm",pNInz6obpgDQGcFmaJgB,2026-06-24 19:44:04,28,eleven_multilingual_v2,created
KaPv1OrAG7xFuyYmlQAs,Web deploy işlemini başlatmak istediğinize emin misiniz?,"Adam - Dominant, Firm",pNInz6obpgDQGcFmaJgB,2026-06-24 19:37:16,56,eleven_multilingual_v2,created
cHTKxCXRalsnvliYh0WV,"Anlayamadım, lütfen tekrar dener misiniz?","Adam - Dominant, Firm",pNInz6obpgDQGcFmaJgB,2026-06-24 19:30:15,41,eleven_multilingual_v2,created
0XqXcWIdEJYWgsREqbG5,Web deploy işlemini başlatmak istediğinize emin misiniz?,"Adam - Dominant, Firm",pNInz6obpgDQGcFmaJgB,2026-06-24 18:57:37,56,eleven_multilingual_v2,created
tYuQ3uReA3PUaFm4ZC70,"Anlayamadım, lütfen tekrar eder misiniz?","Adam - Dominant, Firm",pNInz6obpgDQGcFmaJgB,2026-06-24 18:42:14,40,eleven_multilingual_v2,created
mZX313guVNx9yM4Q4PQm,"Site ayakta, her şey normal.","Adam - Dominant, Firm",pNInz6obpgDQGcFmaJgB,2026-06-24 18:40:14,28,eleven_multilingual_v2,created
SptoSO7feoCXW12p3a3D,"Anlayamadım, lütfen tekrar dener misiniz?","Adam - Dominant, Firm",pNInz6obpgDQGcFmaJgB,2026-06-24 14:48:13,41,eleven_multilingual_v2,created
t8j2VJsCUX6obLiNspVk,"Anlayamadım, evet mi hayır mı?","Adam - Dominant, Firm",pNInz6obpgDQGcFmaJgB,2026-06-24 14:46:35,30,eleven_multilingual_v2,created
NP4JVdvwEvD2uaGIPs89,Web sürümünü dağıtmak istediğinize emin misiniz?,"Adam - Dominant, Firm",pNInz6obpgDQGcFmaJgB,2026-06-24 14:36:23,48,eleven_multilingual_v2,created
q9yDIPqrmDGE9Ggx4umJ,"Site ayakta, her şey normal.","Adam - Dominant, Firm",pNInz6obpgDQGcFmaJgB,2026-06-24 04:20:00,28,eleven_multilingual_v2,created
CWTYtx5hWg4edjl48OMo,Bugün 0 rezervasyon var.,"Adam - Dominant, Firm",pNInz6obpgDQGcFmaJgB,2026-06-24 04:19:45,24,eleven_multilingual_v2,created
QX5OKbCQfQJ5a5thygZV,Bugün 0 rezervasyon var.,"Adam - Dominant, Firm",pNInz6obpgDQGcFmaJgB,2026-06-24 04:18:52,24,eleven_multilingual_v2,created
3xy2aGv36f9OdOiKgm0v,Bugün 0 rezervasyon var.,"Adam - Dominant, Firm",pNInz6obpgDQGcFmaJgB,2026-06-24 04:17:03,24,eleven_multilingual_v2,created
XQZmuZa8yaLVmfEd0tQi,"Anlayamadım, tekrar söyler misin?","Adam - Dominant, Firm",pNInz6obpgDQGcFmaJgB,2026-06-24 04:13:50,33,eleven_multilingual_v2,created
LDz2RFq2sCcFHL8c0YNN,"Anlayamadım, tekrar söyler misin?","Adam - Dominant, Firm",pNInz6obpgDQGcFmaJgB,2026-06-24 04:12:51,33,eleven_multilingual_v2,created
poW5qI5Y9yRf38a9MkfL,Bugün 0 rezervasyon var.,"Adam - Dominant, Firm",pNInz6obpgDQGcFmaJgB,2026-06-24 03:15:50,24,eleven_multilingual_v2,created
WoUhPcSqXwIa0olDBGPZ,Seni duydum ama komutu anlayamadım. Site durumu veya rezervasyon sorabilirsin.,"Adam - Dominant, Firm",pNInz6obpgDQGcFmaJgB,2026-06-24 03:14:20,78,eleven_multilingual_v2,created
Gp3MPYbFpiTU4y9jkxUN,"Site ayakta, her şey normal.","Adam - Dominant, Firm",pNInz6obpgDQGcFmaJgB,2026-06-24 03:13:45,28,eleven_multilingual_v2,created
9NBkygu07RgqUk4b2kVz,Seni duydum ama komutu anlayamadım. Site durumu veya rezervasyon sorabilirsin.,"Adam - Dominant, Firm",pNInz6obpgDQGcFmaJgB,2026-06-24 03:12:55,78,eleven_multilingual_v2,created
aDU4vXv32tERpvl2UFbo,Bugün 0 rezervasyon var.,"Adam - Dominant, Firm",pNInz6obpgDQGcFmaJgB,2026-06-24 02:53:15,24,eleven_multilingual_v2,created
XWPmnOmcNt0Q62HWtIq1,bugün kaç rezervasyon var,"Adam - Dominant, Firm",pNInz6obpgDQGcFmaJgB,2026-06-24 02:53:13,25,eleven_multilingual_v2,created
fADzJ81KLembro0X398t,"Site ayakta, her şey normal.","Adam - Dominant, Firm",pNInz6obpgDQGcFmaJgB,2026-06-24 02:52:55,28,eleven_multilingual_v2,created
CVDfcWoJQVus6cvs6aEc,Seni duydum ama komutu anlayamadım. Site durumu veya rezervasyon sorabilirsin.,"Adam - Dominant, Firm",pNInz6obpgDQGcFmaJgB,2026-06-24 02:51:45,78,eleven_multilingual_v2,created
ftZXTtfSg4JE6bwYJ6f8,site durumu ne,"Adam - Dominant, Firm",pNInz6obpgDQGcFmaJgB,2026-06-24 02:51:39,14,eleven_multilingual_v2,created
c1mKsHM7hO494bYVK720,Seni duydum ama komutu anlayamadım. Site durumu veya rezervasyon sorabilirsin.,"Adam - Dominant, Firm",pNInz6obpgDQGcFmaJgB,2026-06-24 02:50:49,78,eleven_multilingual_v2,created
I0IXvdcglIqYyxMR9RE6,"Merhaba, şu an bir sorun yaşıyorum, lütfen tekrar deneyin.","Adam - Dominant, Firm",pNInz6obpgDQGcFmaJgB,2026-06-24 02:50:31,58,eleven_multilingual_v2,created
3HObBD7uHvsHI2CN9NcC,Вам не нужно мыть волосы перед записью.,Alisa Natural Russian Female,t6lBrEl93uCiLR1Lgm8v,2026-05-17 04:15:41,39,eleven_multilingual_v2,created
TcUV6faIvlgAFbZjStYC,Вам не нужно мыть волосы перед записью.,Alisa Natural Russian Female,t6lBrEl93uCiLR1Lgm8v,2026-05-17 04:15:41,39,eleven_multilingual_v2,created
M0S2ivm6JuyCzGkt1bgt,"Ваша запись подтверждена, желаем вам приятного опыта.",Alisa Natural Russian Female,t6lBrEl93uCiLR1Lgm8v,2026-05-17 04:15:39,53,eleven_multilingual_v2,created
SVAH10itZhM2dEIAXq7a,"Ваша запись подтверждена, желаем вам приятного опыта.",Alisa Natural Russian Female,t6lBrEl93uCiLR1Lgm8v,2026-05-17 04:15:39,53,eleven_multilingual_v2,created
hFqaFfBVYF3Vul1kTW5g,Ваш стилист будет ждать вас в назначенное время.,Alisa Natural Russian Female,t6lBrEl93uCiLR1Lgm8v,2026-05-17 04:15:37,48,eleven_multilingual_v2,created
vlPDDugwiRDEGeHB6gAD,Ваш стилист будет ждать вас в назначенное время.,Alisa Natural Russian Female,t6lBrEl93uCiLR1Lgm8v,2026-05-17 04:15:37,48,eleven_multilingual_v2,created
OjjsYjwNpf82PPUE87zg,"Ваша запись принята, готовьтесь к стильному образу!",Alisa Natural Russian Female,t6lBrEl93uCiLR1Lgm8v,2026-05-17 04:15:35,51,eleven_multilingual_v2,created
kemc813aKWkuJQuct8ls,"Ваша запись принята, готовьтесь к стильному образу!",Alisa Natural Russian Female,t6lBrEl93uCiLR1Lgm8v,2026-05-17 04:15:35,51,eleven_multilingual_v2,created
4yZgG1s0qLOBN6cOEDrh,Хотите воспользоваться нашей услугой коррекции бровей?,Alisa Natural Russian Female,t6lBrEl93uCiLR1Lgm8v,2026-05-17 04:15:34,54,eleven_multilingual_v2,created
BWJdtiuxulkGytK0BHlz,Хотите воспользоваться нашей услугой коррекции бровей?,Alisa Natural Russian Female,t6lBrEl93uCiLR1Lgm8v,2026-05-17 04:15:34,54,eleven_multilingual_v2,created
8DCEwRmAALDR7IWnhTAE,Хотите добавить маску для волос?,Alisa Natural Russian Female,t6lBrEl93uCiLR1Lgm8v,2026-05-17 04:15:32,32,eleven_multilingual_v2,created
nVDDrPsd7ureQcDZDOd5,Хотите добавить маску для волос?,Alisa Natural Russian Female,t6lBrEl93uCiLR1Lgm8v,2026-05-17 04:15:32,32,eleven_multilingual_v2,created
MJNbnPkQgbrDmw0KDQHc,Вы хотите классическое бритьё опасной бритвой?,Alisa Natural Russian Female,t6lBrEl93uCiLR1Lgm8v,2026-05-17 04:15:30,46,eleven_multilingual_v2,created
mzPy5CZluTN4gis4RAdV,Вы хотите классическое бритьё опасной бритвой?,Alisa Natural Russian Female,t6lBrEl93uCiLR1Lgm8v,2026-05-17 04:15:30,46,eleven_multilingual_v2,created
H0dpc0XcbiwzgoMyCoJV,"Вы хотите, чтобы мы подстригли или придали форму вашей бороде?",Alisa Natural Russian Female,t6lBrEl93uCiLR1Lgm8v,2026-05-17 04:15:28,62,eleven_multilingual_v2,created
heTmeCPyGDvzjgFwon94,"Вы хотите, чтобы мы подстригли или придали форму вашей бороде?",Alisa Natural Russian Female,t6lBrEl93uCiLR1Lgm8v,2026-05-17 04:15:28,62,eleven_multilingual_v2,created
JR4OgjXWoOg7vHnYnNGN,"Стрижка, бритьё или и то, и другое?",Alisa Natural Russian Female,t6lBrEl93uCiLR1Lgm8v,2026-05-17 04:15:26,35,eleven_multilingual_v2,created
kkz0YkcZ4joNP4FHLi8Z,"Стрижка, бритьё или и то, и другое?",Alisa Natural Russian Female,t6lBrEl93uCiLR1Lgm8v,2026-05-17 04:15:26,35,eleven_multilingual_v2,created
14HbO2WfUZLL4iMDaXKT,"Вы хотите балаяж, омбре или однотонное окрашивание?",Alisa Natural Russian Female,t6lBrEl93uCiLR1Lgm8v,2026-05-17 04:15:25,51,eleven_multilingual_v2,created
5fsb2WCZxlUBCUFNxSny,"Вы хотите балаяж, омбре или однотонное окрашивание?",Alisa Natural Russian Female,t6lBrEl93uCiLR1Lgm8v,2026-05-17 04:15:25,51,eleven_multilingual_v2,created
dHG2wzF9QPPJVMkuF6Mz,Есть ли у вас фото для ориентира?,Alisa Natural Russian Female,t6lBrEl93uCiLR1Lgm8v,2026-05-17 04:15:23,33,eleven_multilingual_v2,created
q83BrLtcTfEmaZHgJ6aM,Есть ли у вас фото для ориентира?,Alisa Natural Russian Female,t6lBrEl93uCiLR1Lgm8v,2026-05-17 04:15:23,33,eleven_multilingual_v2,created
2e0oiVhzUUWcqoE47zVn,Какой оттенок цвета вы рассматриваете?,Alisa Natural Russian Female,t6lBrEl93uCiLR1Lgm8v,2026-05-17 04:15:21,38,eleven_multilingual_v2,created
ZCYfha94FKroAR0jaMvb,Какой оттенок цвета вы рассматриваете?,Alisa Natural Russian Female,t6lBrEl93uCiLR1Lgm8v,2026-05-17 04:15:21,38,eleven_multilingual_v2,created
7Xpaxw72nrW24ViaX8XB,Вы ранее делали химическую обработку волос?,Alisa Natural Russian Female,t6lBrEl93uCiLR1Lgm8v,2026-05-17 04:15:19,43,eleven_multilingual_v2,created
vVSesjusogyJZSr8Adnz,Вы ранее делали химическую обработку волос?,Alisa Natural Russian Female,t6lBrEl93uCiLR1Lgm8v,2026-05-17 04:15:19,43,eleven_multilingual_v2,created
1jt2PHXY5H0PKgXvcN98,Какова длина и тип ваших волос?,Alisa Natural Russian Female,t6lBrEl93uCiLR1Lgm8v,2026-05-17 04:15:18,31,eleven_multilingual_v2,created
mDcTb9JgyWYVfmgriKHb,Какова длина и тип ваших волос?,Alisa Natural Russian Female,t6lBrEl93uCiLR1Lgm8v,2026-05-17 04:15:18,31,eleven_multilingual_v2,created
K16TTaliQ9Dr32mrDhtm,Есть ли у вас предпочтение по конкретному стилисту?,Alisa Natural Russian Female,t6lBrEl93uCiLR1Lgm8v,2026-05-17 04:15:16,51,eleven_multilingual_v2,created
Y8QBnQGphSPJmwfpc0OM,Есть ли у вас предпочтение по конкретному стилисту?,Alisa Natural Russian Female,t6lBrEl93uCiLR1Lgm8v,2026-05-17 04:15:16,51,eleven_multilingual_v2,created
ixDKz2i1d9KoykPm7OzU,"Стрижка, окрашивание или уход?",Alisa Natural Russian Female,t6lBrEl93uCiLR1Lgm8v,2026-05-17 04:15:14,30,eleven_multilingual_v2,created
wtafDVgbn2X9zK1xs7I1,"Стрижка, окрашивание или уход?",Alisa Natural Russian Female,t6lBrEl93uCiLR1Lgm8v,2026-05-17 04:15:14,30,eleven_multilingual_v2,created
kZCPx33nxzE57FApb0ii,Какую из наших услуг вы хотите?,Alisa Natural Russian Female,t6lBrEl93uCiLR1Lgm8v,2026-05-17 04:15:12,31,eleven_multilingual_v2,created
z6Ibjxb6mke9XB8PBkmJ,Какую из наших услуг вы хотите?,Alisa Natural Russian Female,t6lBrEl93uCiLR1Lgm8v,2026-05-17 04:15:12,31,eleven_multilingual_v2,created
Wca6qSFX4io29fdrdcvQ,"Здравствуйте, мы здесь ради нового образа!",Alisa Natural Russian Female,t6lBrEl93uCiLR1Lgm8v,2026-05-17 04:15:11,42,eleven_multilingual_v2,created
ZNc45ocnNYk4YX5xLUyI,"Здравствуйте, мы здесь ради нового образа!",Alisa Natural Russian Female,t6lBrEl93uCiLR1Lgm8v,2026-05-17 04:15:11,42,eleven_multilingual_v2,created
lrMUtFVMEL4Hw5LAR9xl,"Добро пожаловать, спасибо, что доверяете нам свои волосы.",Alisa Natural Russian Female,t6lBrEl93uCiLR1Lgm8v,2026-05-17 04:15:09,57,eleven_multilingual_v2,created
qQKhVne2mZ0LJ71MxTKe,"Добро пожаловать, спасибо, что доверяете нам свои волосы.",Alisa Natural Russian Female,t6lBrEl93uCiLR1Lgm8v,2026-05-17 04:15:09,57,eleven_multilingual_v2,created
6Aa3ng9W0k4BXH92WCh0,Здравствуйте! Вы пришли по адресу для отличного образа.,Alisa Natural Russian Female,t6lBrEl93uCiLR1Lgm8v,2026-05-17 04:15:07,55,eleven_multilingual_v2,created
WL2FMw71N4NdUsCbhaPo,Здравствуйте! Вы пришли по адресу для отличного образа.,Alisa Natural Russian Female,t6lBrEl93uCiLR1Lgm8v,2026-05-17 04:15:07,55,eleven_multilingual_v2,created
2MX3nepKsEEblQOq1zkI,Вам необходимо прийти натощак.,Alisa Natural Russian Female,t6lBrEl93uCiLR1Lgm8v,2026-05-17 04:15:05,30,eleven_multilingual_v2,created
4HagLGoHwfgRCBgd8lGJ,Вам необходимо прийти натощак.,Alisa Natural Russian Female,t6lBrEl93uCiLR1Lgm8v,2026-05-17 04:15:05,30,eleven_multilingual_v2,created
4hoU6rAxx2TfIchnR37i,Просим вас принести удостоверение личности и страховую карту.,Alisa Natural Russian Female,t6lBrEl93uCiLR1Lgm8v,2026-05-17 04:15:03,61,eleven_multilingual_v2,created
6QhqT0lBFHRv6i5nyFSy,Просим вас принести удостоверение личности и страховую карту.,Alisa Natural Russian Female,t6lBrEl93uCiLR1Lgm8v,2026-05-17 04:15:03,61,eleven_multilingual_v2,created
F9bAh3lmix8wsE4wAmjJ,Для отмены записи позвоните нам за двадцать четыре часа.,Alisa Natural Russian Female,t6lBrEl93uCiLR1Lgm8v,2026-05-17 04:15:02,56,eleven_multilingual_v2,created
VOXTBt93ViKsW2EMSfPt,Для отмены записи позвоните нам за двадцать четыре часа.,Alisa Natural Russian Female,t6lBrEl93uCiLR1Lgm8v,2026-05-17 04:15:02,56,eleven_multilingual_v2,created
9BY7GUPXv2wyS1rMXByS,Ваш врач будет ждать вас в назначенное время.,Alisa Natural Russian Female,t6lBrEl93uCiLR1Lgm8v,2026-05-17 04:15:00,45,eleven_multilingual_v2,created
aLEAiVg6MfltBTJ6vfTP,Ваш врач будет ждать вас в назначенное время.,Alisa Natural Russian Female,t6lBrEl93uCiLR1Lgm8v,2026-05-17 04:15:00,45,eleven_multilingual_v2,created
vCs5ZYfFnQXS9DW1KjHj,"Ваша запись создана, желаем вам здоровья.",Alisa Natural Russian Female,t6lBrEl93uCiLR1Lgm8v,2026-05-17 04:14:58,41,eleven_multilingual_v2,created
wagxtbur07LSHlah1AX8,"Ваша запись создана, желаем вам здоровья.",Alisa Natural Russian Female,t6lBrEl93uCiLR1Lgm8v,2026-05-17 04:14:58,41,eleven_multilingual_v2,created
2tt5I16AE9BPfPvQk61p,У вас болит зуб?,Alisa Natural Russian Female,t6lBrEl93uCiLR1Lgm8v,2026-05-17 04:14:56,16,eleven_multilingual_v2,created
M7XcHILXLJInnzppBUX6,У вас болит зуб?,Alisa Natural Russian Female,t6lBrEl93uCiLR1Lgm8v,2026-05-17 04:14:56,16,eleven_multilingual_v2,created
1T3eIYuWn1y7lEHOXBso,"Вы хотите плановый осмотр, лечение или эстетическую процедуру?",Alisa Natural Russian Female,t6lBrEl93uCiLR1Lgm8v,2026-05-17 04:14:54,62,eleven_multilingual_v2,created
hQ3jcAgh2vHYKvu4AYu6,"Вы хотите плановый осмотр, лечение или эстетическую процедуру?",Alisa Natural Russian Female,t6lBrEl93uCiLR1Lgm8v,2026-05-17 04:14:54,62,eleven_multilingual_v2,created
IcxcDXzRQx5rAzvJqxWV,"Первый сеанс является ознакомительным, ваша запись продлится шестьдесят минут.",Alisa Natural Russian Female,t6lBrEl93uCiLR1Lgm8v,2026-05-17 04:14:53,78,eleven_multilingual_v2,created
coHyq2cgtkI10vgOCnFs,"Первый сеанс является ознакомительным, ваша запись продлится шестьдесят минут.",Alisa Natural Russian Female,t6lBrEl93uCiLR1Lgm8v,2026-05-17 04:14:53,78,eleven_multilingual_v2,created
89sI3MghW0wS39Y24iRz,Информация о вашем сеансе строго конфиденциальна.,Alisa Natural Russian Female,t6lBrEl93uCiLR1Lgm8v,2026-05-17 04:14:51,49,eleven_multilingual_v2,created
YGyZkqDjGyiueCKUejio,Информация о вашем сеансе строго конфиденциальна.,Alisa Natural Russian Female,t6lBrEl93uCiLR1Lgm8v,2026-05-17 04:14:51,49,eleven_multilingual_v2,created
hNnerNcW6bGeCQ3tuj6z,У нас также есть возможность проведения онлайн-сеансов.,Alisa Natural Russian Female,t6lBrEl93uCiLR1Lgm8v,2026-05-17 04:14:49,55,eleven_multilingual_v2,created
vPwsq68jUNxvIPhqIBIs,У нас также есть возможность проведения онлайн-сеансов.,Alisa Natural Russian Female,t6lBrEl93uCiLR1Lgm8v,2026-05-17 04:14:49,55,eleven_multilingual_v2,created
44OGecxICV6JfEkgL4Ze,"Вы предпочитаете индивидуальную, семейную или парную терапию?",Alisa Natural Russian Female,t6lBrEl93uCiLR1Lgm8v,2026-05-17 04:14:47,61,eleven_multilingual_v2,created
Fe5g0l7qf7kXAAvRdbT6,"Вы предпочитаете индивидуальную, семейную или парную терапию?",Alisa Natural Russian Female,t6lBrEl93uCiLR1Lgm8v,2026-05-17 04:14:47,61,eleven_multilingual_v2,created
LMl60unNGEG5ZbFtuj9b,Вы предпочитаете срочную или обычную запись?,Alisa Natural Russian Female,t6lBrEl93uCiLR1Lgm8v,2026-05-17 04:14:45,44,eleven_multilingual_v2,created
ZV94x6oRDEeCsnMK3P4N,Вы предпочитаете срочную или обычную запись?,Alisa Natural Russian Female,t6lBrEl93uCiLR1Lgm8v,2026-05-17 04:14:45,44,eleven_multilingual_v2,created
PSKTU5W8LIo7R4Nlb5wL,Вы принимаете какие-либо лекарства?,Alisa Natural Russian Female,t6lBrEl93uCiLR1Lgm8v,2026-05-17 04:14:44,35,eleven_multilingual_v2,created
WQ8Xo1a62nhTU99MQkIJ,Вы принимаете какие-либо лекарства?,Alisa Natural Russian Female,t6lBrEl93uCiLR1Lgm8v,2026-05-17 04:14:44,35,eleven_multilingual_v2,created
KsCXeQFIAWOWCEMuspc5,Есть ли у вас хроническое заболевание или текущее лечение?,Alisa Natural Russian Female,t6lBrEl93uCiLR1Lgm8v,2026-05-17 04:14:42,58,eleven_multilingual_v2,created
USm7ilYrd7iDevsXAgCM,Есть ли у вас хроническое заболевание или текущее лечение?,Alisa Natural Russian Female,t6lBrEl93uCiLR1Lgm8v,2026-05-17 04:14:42,58,eleven_multilingual_v2,created
DowYdfGv0pYs2mri6hit,Не могли бы вы кратко описать вашу жалобу?,Alisa Natural Russian Female,t6lBrEl93uCiLR1Lgm8v,2026-05-17 04:14:40,42,eleven_multilingual_v2,created
ugboESE15bqIuPKOTJKs,Не могли бы вы кратко описать вашу жалобу?,Alisa Natural Russian Female,t6lBrEl93uCiLR1Lgm8v,2026-05-17 04:14:40,42,eleven_multilingual_v2,created
jzBRfpgNU8OLRLWQQv4g,Вы хотите воспользоваться государственным или частным страхованием?,Alisa Natural Russian Female,t6lBrEl93uCiLR1Lgm8v,2026-05-17 04:14:38,67,eleven_multilingual_v2,created
u5Jjh1GiWsqPyxtRrkFI,Вы хотите воспользоваться государственным или частным страхованием?,Alisa Natural Russian Female,t6lBrEl93uCiLR1Lgm8v,2026-05-17 04:14:38,67,eleven_multilingual_v2,created
2QkOcmxfnxRpwvDMyZvA,Не могли бы вы поделиться информацией о страховке?,Alisa Natural Russian Female,t6lBrEl93uCiLR1Lgm8v,2026-05-17 04:14:36,50,eleven_multilingual_v2,created
WCBppY2JnNdAj0paMTXw,Не могли бы вы поделиться информацией о страховке?,Alisa Natural Russian Female,t6lBrEl93uCiLR1Lgm8v,2026-05-17 04:14:36,50,eleven_multilingual_v2,created
Kra8NwBHgjILHn84ZMZ2,Можете ли вы сообщить мне свой номер удостоверения личности?,Alisa Natural Russian Female,t6lBrEl93uCiLR1Lgm8v,2026-05-17 04:14:35,60,eleven_multilingual_v2,created
bRIubI79gBqpuimyU1Ow,Можете ли вы сообщить мне свой номер удостоверения личности?,Alisa Natural Russian Female,t6lBrEl93uCiLR1Lgm8v,2026-05-17 04:14:35,60,eleven_multilingual_v2,created
93IMz01kjg6rovVdy7HM,Вы ранее обращались в нашу клинику?,Alisa Natural Russian Female,t6lBrEl93uCiLR1Lgm8v,2026-05-17 04:14:33,35,eleven_multilingual_v2,created
Y2BjxxnHl49KDWaGUHM7,Вы ранее обращались в нашу клинику?,Alisa Natural Russian Female,t6lBrEl93uCiLR1Lgm8v,2026-05-17 04:14:33,35,eleven_multilingual_v2,created
xWPUlOJVbmIHuiANG2GQ,К какому специалисту вы хотите записаться?,Alisa Natural Russian Female,t6lBrEl93uCiLR1Lgm8v,2026-05-17 04:14:31,42,eleven_multilingual_v2,created
xotzu3uK8csbbQ8yNWaV,К какому специалисту вы хотите записаться?,Alisa Natural Russian Female,t6lBrEl93uCiLR1Lgm8v,2026-05-17 04:14:31,42,eleven_multilingual_v2,created
NEBhxGwgJjSTziJA6Mr4,"Здравствуйте, вы говорите с нашим центром записи.",Alisa Natural Russian Female,t6lBrEl93uCiLR1Lgm8v,2026-05-17 04:14:29,49,eleven_multilingual_v2,created
eXBzH7w9f3ifXJDeMyzh,"Здравствуйте, вы говорите с нашим центром записи.",Alisa Natural Russian Female,t6lBrEl93uCiLR1Lgm8v,2026-05-17 04:14:29,49,eleven_multilingual_v2,created
4CsMtiGMNEoGZ6hLsrFg,"Добро пожаловать, вы сделали правильный шаг для своего здоровья.",Alisa Natural Russian Female,t6lBrEl93uCiLR1Lgm8v,2026-05-17 04:14:27,64,eleven_multilingual_v2,created
Fq7OnUJovMTt56IpeOol,"Добро пожаловать, вы сделали правильный шаг для своего здоровья.",Alisa Natural Russian Female,t6lBrEl93uCiLR1Lgm8v,2026-05-17 04:14:27,64,eleven_multilingual_v2,created
L5gM2LpsbFdbkhjJFKQ0,"Здравствуйте, спасибо, что позвонили в нашу клинику.",Alisa Natural Russian Female,t6lBrEl93uCiLR1Lgm8v,2026-05-17 04:14:26,52,eleven_multilingual_v2,created
UXcqQyLnZr7ey13H5zYq,"Здравствуйте, спасибо, что позвонили в нашу клинику.",Alisa Natural Russian Female,t6lBrEl93uCiLR1Lgm8v,2026-05-17 04:14:26,52,eleven_multilingual_v2,created
KfySokrv0ip3w9U9telW,"Ждём вас, мы уверены, что вы получите прекрасные впечатления.",Alisa Natural Russian Female,t6lBrEl93uCiLR1Lgm8v,2026-05-17 04:14:24,61,eleven_multilingual_v2,created
XFhJA3CmPvkmOuTCPay5,"Ждём вас, мы уверены, что вы получите прекрасные впечатления.",Alisa Natural Russian Female,t6lBrEl93uCiLR1Lgm8v,2026-05-17 04:14:24,61,eleven_multilingual_v2,created
1jTGurpKyz2TGyBnuNIq,Ваш сеанс подтверждён. Приготовьтесь к расслаблению!,Alisa Natural Russian Female,t6lBrEl93uCiLR1Lgm8v,2026-05-17 04:14:22,52,eleven_multilingual_v2,created
nV22zYnnA8oHEswsFjD3,Ваш сеанс подтверждён. Приготовьтесь к расслаблению!,Alisa Natural Russian Female,t6lBrEl93uCiLR1Lgm8v,2026-05-17 04:14:22,52,eleven_multilingual_v2,created
SNfAg4n8XNoYHZUF9Qw7,"Ваша запись готова, вы будете чувствовать себя прекрасно!",Alisa Natural Russian Female,t6lBrEl93uCiLR1Lgm8v,2026-05-17 04:14:20,57,eleven_multilingual_v2,created
Y3CVO8UgWv0ZhdDTVzgR,"Ваша запись готова, вы будете чувствовать себя прекрасно!",Alisa Natural Russian Female,t6lBrEl93uCiLR1Lgm8v,2026-05-17 04:14:20,57,eleven_multilingual_v2,created
IwD9rs2a6XL4Gi6nZX9k,"Рекомендуем пить воду, после сеанса вам предложат воду.",Alisa Natural Russian Female,t6lBrEl93uCiLR1Lgm8v,2026-05-17 04:14:18,55,eleven_multilingual_v2,created
cb8FaXK7HKe1dITXGQv6,"Рекомендуем пить воду, после сеанса вам предложат воду.",Alisa Natural Russian Female,t6lBrEl93uCiLR1Lgm8v,2026-05-17 04:14:18,55,eleven_multilingual_v2,created
9vHyRK1Ss8K6rtIjr8Xy,Полотенца и тапочки предоставляются бесплатно.,Alisa Natural Russian Female,t6lBrEl93uCiLR1Lgm8v,2026-05-17 04:14:17,46,eleven_multilingual_v2,created
yBE0n99xwZwnM8hvK339,Полотенца и тапочки предоставляются бесплатно.,Alisa Natural Russian Female,t6lBrEl93uCiLR1Lgm8v,2026-05-17 04:14:17,46,eleven_multilingual_v2,created
H6Ln6j3EjkNlm2qWUDOL,Рекомендуем приходить за десять минут до начала сеанса.,Alisa Natural Russian Female,t6lBrEl93uCiLR1Lgm8v,2026-05-17 04:14:15,55,eleven_multilingual_v2,created
lANSKK0EvQ85AqOyUcCv,Рекомендуем приходить за десять минут до начала сеанса.,Alisa Natural Russian Female,t6lBrEl93uCiLR1Lgm8v,2026-05-17 04:14:15,55,eleven_multilingual_v2,created
OaSNzVAJ4cF3OtduRKLs,Хотите добавить массаж горячими камнями?,Alisa Natural Russian Female,t6lBrEl93uCiLR1Lgm8v,2026-05-17 04:14:13,40,eleven_multilingual_v2,created
sRULWzsuJ4BpvUNp2Tnv,Хотите добавить массаж горячими камнями?,Alisa Natural Russian Female,t6lBrEl93uCiLR1Lgm8v,2026-05-17 04:14:13,40,eleven_multilingual_v2,created
d0ORSWVi9FtECsWw1Jjo,Предпочитаете ли вы ароматерапию?,Alisa Natural Russian Female,t6lBrEl93uCiLR1Lgm8v,2026-05-17 04:14:11,33,eleven_multilingual_v2,created
zapdVoLzzOr7WfXeOGpq,Предпочитаете ли вы ароматерапию?,Alisa Natural Russian Female,t6lBrEl93uCiLR1Lgm8v,2026-05-17 04:14:11,33,eleven_multilingual_v2,created
LxcklYSH7S3PwF4xV3fr,Есть ли у вас предпочтение по конкретному терапевту?,Alisa Natural Russian Female,t6lBrEl93uCiLR1Lgm8v,2026-05-17 04:14:10,52,eleven_multilingual_v2,created
rKjPCw2zLdCQ86uN26bz,Есть ли у вас предпочтение по конкретному терапевту?,Alisa Natural Russian Female,t6lBrEl93uCiLR1Lgm8v,2026-05-17 04:14:09,52,eleven_multilingual_v2,created
7CCNmPWBOpDwW25BX40K,Вы беременны? Нам нужно знать это для некоторых наших услуг.,Alisa Natural Russian Female,t6lBrEl93uCiLR1Lgm8v,2026-05-17 04:14:08,60,eleven_multilingual_v2,created
C138OQrflp2pOVCp4jMk,Вы беременны? Нам нужно знать это для некоторых наших услуг.,Alisa Natural Russian Female,t6lBrEl93uCiLR1Lgm8v,2026-05-17 04:14:08,60,eleven_multilingual_v2,created
AuXXSZvXmo3FfKiNbBhx,Есть ли у вас аллергия или чувствительность?,Alisa Natural Russian Female,t6lBrEl93uCiLR1Lgm8v,2026-05-17 04:14:06,44,eleven_multilingual_v2,created
IkIj7kbjfq3tzB2W1cOW,Есть ли у вас аллергия или чувствительность?,Alisa Natural Russian Female,t6lBrEl93uCiLR1Lgm8v,2026-05-17 04:14:06,44,eleven_multilingual_v2,created
0uF8Y3drLSnciIYSWuFb,Не могли бы вы рассказать нам о вашем типе кожи?,Alisa Natural Russian Female,t6lBrEl93uCiLR1Lgm8v,2026-05-17 04:14:04,48,eleven_multilingual_v2,created
UvAaDsBpAV1QG1POSK1B,Не могли бы вы рассказать нам о вашем типе кожи?,Alisa Natural Russian Female,t6lBrEl93uCiLR1Lgm8v,2026-05-17 04:14:04,48,eleven_multilingual_v2,created
5nVmU06hNJCaVzgAufEK,Вы предпочитаете парный или одиночный сеанс?,Alisa Natural Russian Female,t6lBrEl93uCiLR1Lgm8v,2026-05-17 04:14:02,44,eleven_multilingual_v2,created
iKd7dIblqN8P8UrFM5wc,Вы предпочитаете парный или одиночный сеанс?,Alisa Natural Russian Female,t6lBrEl93uCiLR1Lgm8v,2026-05-17 04:14:02,44,eleven_multilingual_v2,created
2WA5MBUgJ0gcdg9zNcdN,Определимся с продолжительностью сеанса: пятьдесят или восемьдесят минут?,Alisa Natural Russian Female,t6lBrEl93uCiLR1Lgm8v,2026-05-17 04:14:01,73,eleven_multilingual_v2,created
yAWAmOAfP1Qgb84DFleJ,Определимся с продолжительностью сеанса: пятьдесят или восемьдесят минут?,Alisa Natural Russian Female,t6lBrEl93uCiLR1Lgm8v,2026-05-17 04:14:00,73,eleven_multilingual_v2,created
bG41APxc8nO0AXc7H4XD,"Что предпочитаете: расслабление, очищение или восстановление?",Alisa Natural Russian Female,t6lBrEl93uCiLR1Lgm8v,2026-05-17 04:13:59,61,eleven_multilingual_v2,created
u3i9criKaicExeRzCqHL,"Что предпочитаете: расслабление, очищение или восстановление?",Alisa Natural Russian Female,t6lBrEl93uCiLR1Lgm8v,2026-05-17 04:13:59,61,eleven_multilingual_v2,created
eanQLpfUicR2q85wmwtI,"У нас есть массаж, уход за кожей лица или уход за телом.",Alisa Natural Russian Female,t6lBrEl93uCiLR1Lgm8v,2026-05-17 04:13:57,56,eleven_multilingual_v2,created
vD9yYDlz2ZgaXBfHJtWq,"У нас есть массаж, уход за кожей лица или уход за телом.",Alisa Natural Russian Female,t6lBrEl93uCiLR1Lgm8v,2026-05-17 04:13:57,56,eleven_multilingual_v2,created
9PNYpAs2Ogw8JBGY8WPb,Какой из наших услуг вы хотите воспользоваться?,Alisa Natural Russian Female,t6lBrEl93uCiLR1Lgm8v,2026-05-17 04:13:55,47,eleven_multilingual_v2,created
uxMuLt5egGDziciKuE9y,Какой из наших услуг вы хотите воспользоваться?,Alisa Natural Russian Female,t6lBrEl93uCiLR1Lgm8v,2026-05-17 04:13:55,47,eleven_multilingual_v2,created
CSdVpLHF1UJntGy7Xh5d,"Здравствуйте, сегодня вы уделяете время себе, отличный выбор!",Alisa Natural Russian Female,t6lBrEl93uCiLR1Lgm8v,2026-05-17 04:13:53,61,eleven_multilingual_v2,created
Yk4CTfqb4j1Mt0wDPMvX,"Здравствуйте, сегодня вы уделяете время себе, отличный выбор!",Alisa Natural Russian Female,t6lBrEl93uCiLR1Lgm8v,2026-05-17 04:13:53,61,eleven_multilingual_v2,created
IS7ML7jwsDApG8LcRS6r,Добро пожаловать! Мы здесь для расслабляющего опыта.,Alisa Natural Russian Female,t6lBrEl93uCiLR1Lgm8v,2026-05-17 04:13:51,52,eleven_multilingual_v2,created
iqzEqR9HN9lRkKqqA1Mr,Добро пожаловать! Мы здесь для расслабляющего опыта.,Alisa Natural Russian Female,t6lBrEl93uCiLR1Lgm8v,2026-05-17 04:13:51,52,eleven_multilingual_v2,created
LS6v5HAlI0TJCkoh7BwZ,"Здравствуйте, вы пришли по адресу, чтобы побаловать себя!",Alisa Natural Russian Female,t6lBrEl93uCiLR1Lgm8v,2026-05-17 04:13:49,57,eleven_multilingual_v2,created
ykiuhnXMuDTyag3zN4aG,"Здравствуйте, вы пришли по адресу, чтобы побаловать себя!",Alisa Natural Russian Female,t6lBrEl93uCiLR1Lgm8v,2026-05-17 04:13:49,57,eleven_multilingual_v2,created
9qfulVcFqWrwtQHAM4TU,"Если вы задерживаетесь, пожалуйста, позвоните нам, мы сохраним ваш столик на пятнадцать минут.",Alisa Natural Russian Female,t6lBrEl93uCiLR1Lgm8v,2026-05-17 04:13:47,94,eleven_multilingual_v2,created
TQmUoRSZ6CznLyY5QyoM,"Если вы задерживаетесь, пожалуйста, позвоните нам, мы сохраним ваш столик на пятнадцать минут.",Alisa Natural Russian Female,t6lBrEl93uCiLR1Lgm8v,2026-05-17 04:13:47,94,eleven_multilingual_v2,created
XixGgmjoontNNC6fI5wT,Будет удовольствием принять вас за лучшим столиком.,Alisa Natural Russian Female,t6lBrEl93uCiLR1Lgm8v,2026-05-17 04:13:45,51,eleven_multilingual_v2,created
uGq4KkMOogGAZ6sTj0F4,Будет удовольствием принять вас за лучшим столиком.,Alisa Natural Russian Female,t6lBrEl93uCiLR1Lgm8v,2026-05-17 04:13:45,51,eleven_multilingual_v2,created
36cPq0ATUI9NPaPlWHiQ,"Ваше бронирование принято, желаем вам вкусного обеда.",Alisa Natural Russian Female,t6lBrEl93uCiLR1Lgm8v,2026-05-17 04:13:44,53,eleven_multilingual_v2,created
65buNtz6KKfvwvn6FXMY,"Ваше бронирование принято, желаем вам вкусного обеда.",Alisa Natural Russian Female,t6lBrEl93uCiLR1Lgm8v,2026-05-17 04:13:44,53,eleven_multilingual_v2,created
C0DQKd2CAky8EkGmiSOy,"Ваш столик готов, приятного аппетита заранее!",Alisa Natural Russian Female,t6lBrEl93uCiLR1Lgm8v,2026-05-17 04:13:42,45,eleven_multilingual_v2,created
uk9JZhLGtADpIHR3pKn0,"Ваш столик готов, приятного аппетита заранее!",Alisa Natural Russian Female,t6lBrEl93uCiLR1Lgm8v,2026-05-17 04:13:42,45,eleven_multilingual_v2,created
oN6zbHebGj1HNEHIWIvZ,Вы можете воспользоваться нашей услугой парковки с водителем.,Alisa Natural Russian Female,t6lBrEl93uCiLR1Lgm8v,2026-05-17 04:13:40,61,eleven_multilingual_v2,created
wLlaKu5w1MfpBBJP3SNJ,Вы можете воспользоваться нашей услугой парковки с водителем.,Alisa Natural Russian Female,t6lBrEl93uCiLR1Lgm8v,2026-05-17 04:13:40,61,eleven_multilingual_v2,created
KhGEtj6Wio7Fn8jcTUfC,У нас есть бесплатная парковка.,Alisa Natural Russian Female,t6lBrEl93uCiLR1Lgm8v,2026-05-17 04:13:38,31,eleven_multilingual_v2,created
ex9JwYnLEhAOreqF6lxN,У нас есть бесплатная парковка.,Alisa Natural Russian Female,t6lBrEl93uCiLR1Lgm8v,2026-05-17 04:13:38,31,eleven_multilingual_v2,created
CddbuRfKCZ9xrJLqEDLH,Наш шведский стол для завтрака подаётся по выходным.,Alisa Natural Russian Female,t6lBrEl93uCiLR1Lgm8v,2026-05-17 04:13:37,52,eleven_multilingual_v2,created
rPyzqV5Gdq5Y1SxqpFTr,Наш шведский стол для завтрака подаётся по выходным.,Alisa Natural Russian Female,t6lBrEl93uCiLR1Lgm8v,2026-05-17 04:13:37,52,eleven_multilingual_v2,created
1tbEMJBbW9C0RTOgReBi,Для получения информации о нашем дневном специальном меню посетите наш сайт.,Alisa Natural Russian Female,t6lBrEl93uCiLR1Lgm8v,2026-05-17 04:13:35,76,eleven_multilingual_v2,created
zoSvfZNT1BO4xCVnCTLn,Для получения информации о нашем дневном специальном меню посетите наш сайт.,Alisa Natural Russian Female,t6lBrEl93uCiLR1Lgm8v,2026-05-17 04:13:35,76,eleven_multilingual_v2,created
PY8AdUavysWwwwrkifDC,Наша кухня включает турецкую и средиземноморскую кухни.,Alisa Natural Russian Female,t6lBrEl93uCiLR1Lgm8v,2026-05-17 04:13:33,55,eleven_multilingual_v2,created
uDJBqmYobB4kOAQyPmnF,Наша кухня включает турецкую и средиземноморскую кухни.,Alisa Natural Russian Female,t6lBrEl93uCiLR1Lgm8v,2026-05-17 04:13:33,55,eleven_multilingual_v2,created
YPVHgBKRhGmUnRJqfiBP,"Хотите, чтобы мы подготовили особое украшение или цветы?",Alisa Natural Russian Female,t6lBrEl93uCiLR1Lgm8v,2026-05-17 04:13:31,56,eleven_multilingual_v2,created
k5L1u5kgz2y5uDDTLjcE,"Хотите, чтобы мы подготовили особое украшение или цветы?",Alisa Natural Russian Female,t6lBrEl93uCiLR1Lgm8v,2026-05-17 04:13:31,56,eleven_multilingual_v2,created
SS4cFkQvLpc71Q4ghBXC,Вы хотите столик у окна?,Alisa Natural Russian Female,t6lBrEl93uCiLR1Lgm8v,2026-05-17 04:13:29,24,eleven_multilingual_v2,created
jCSuXionbLdSmPvUtfib,Вы хотите столик у окна?,Alisa Natural Russian Female,t6lBrEl93uCiLR1Lgm8v,2026-05-17 04:13:29,24,eleven_multilingual_v2,created
Wii1nOgTfNXA46oCLzZ2,Вам нужен детский стул или детское меню?,Alisa Natural Russian Female,t6lBrEl93uCiLR1Lgm8v,2026-05-17 04:13:27,40,eleven_multilingual_v2,created
uQKCevoGo8CA20Aoukpa,Вам нужен детский стул или детское меню?,Alisa Natural Russian Female,t6lBrEl93uCiLR1Lgm8v,2026-05-17 04:13:27,40,eleven_multilingual_v2,created
A9iC7HfqlnBKf8ra7ljD,Есть ли у вас аллергия на какие-либо продукты?,Alisa Natural Russian Female,t6lBrEl93uCiLR1Lgm8v,2026-05-17 04:13:26,46,eleven_multilingual_v2,created
AdjCAkMfOkCJ2otUBtd2,Есть ли у вас аллергия на какие-либо продукты?,Alisa Natural Russian Female,t6lBrEl93uCiLR1Lgm8v,2026-05-17 04:13:26,46,eleven_multilingual_v2,created
Sqk5xoUKvzabcjeV13eF,"В нашем меню есть вегетарианские и веганские блюда, хотите отметить это?",Alisa Natural Russian Female,t6lBrEl93uCiLR1Lgm8v,2026-05-17 04:13:24,72,eleven_multilingual_v2,created
zYAJq6QW6zJ4WjhY0gn1,"В нашем меню есть вегетарианские и веганские блюда, хотите отметить это?",Alisa Natural Russian Female,t6lBrEl93uCiLR1Lgm8v,2026-05-17 04:13:24,72,eleven_multilingual_v2,created
kim3UE3gdBGYHB6QMfJj,Есть ли день рождения или особый повод для праздника?,Alisa Natural Russian Female,t6lBrEl93uCiLR1Lgm8v,2026-05-17 04:13:22,53,eleven_multilingual_v2,created
z7XYYRDa3p5jkbjbRFdp,Есть ли день рождения или особый повод для праздника?,Alisa Natural Russian Female,t6lBrEl93uCiLR1Lgm8v,2026-05-17 04:13:22,53,eleven_multilingual_v2,created
8ZZLzL1WF8gQv3dZcee5,Вы хотите сидеть в зоне для курящих или некурящих?,Alisa Natural Russian Female,t6lBrEl93uCiLR1Lgm8v,2026-05-17 04:13:20,50,eleven_multilingual_v2,created
UmIM5r5CeXPRcHNnio9I,Вы хотите сидеть в зоне для курящих или некурящих?,Alisa Natural Russian Female,t6lBrEl93uCiLR1Lgm8v,2026-05-17 04:13:20,50,eleven_multilingual_v2,created
7JYSbwTRNLyQWFNNOVXw,Вы предпочитаете сидеть внутри или на улице?,Alisa Natural Russian Female,t6lBrEl93uCiLR1Lgm8v,2026-05-17 04:13:18,44,eleven_multilingual_v2,created
A1Bq7fWwZgoXlJzWIr6q,Вы предпочитаете сидеть внутри или на улице?,Alisa Natural Russian Female,t6lBrEl93uCiLR1Lgm8v,2026-05-17 04:13:18,44,eleven_multilingual_v2,created
1Mc32EWQgu8BqnoGvf2H,На сколько человек вы хотите забронировать столик?,Alisa Natural Russian Female,t6lBrEl93uCiLR1Lgm8v,2026-05-17 04:13:16,50,eleven_multilingual_v2,created
tWcNjlMkd1Pejt9OH9SV,На сколько человек вы хотите забронировать столик?,Alisa Natural Russian Female,t6lBrEl93uCiLR1Lgm8v,2026-05-17 04:13:16,50,eleven_multilingual_v2,created
3R5Elbrt51yheRpmSKZU,Здравствуйте! Вы отмечаете особый день или просто планируете приятный ужин?,Alisa Natural Russian Female,t6lBrEl93uCiLR1Lgm8v,2026-05-17 04:13:14,75,eleven_multilingual_v2,created
rwG2xsAlwyF1rL3m3Gi9,Здравствуйте! Вы отмечаете особый день или просто планируете приятный ужин?,Alisa Natural Russian Female,t6lBrEl93uCiLR1Lgm8v,2026-05-17 04:13:14,75,eleven_multilingual_v2,created
7V0u12YgNE8W9YTwLGpW,Добро пожаловать! Рад помочь вам забронировать столик.,Alisa Natural Russian Female,t6lBrEl93uCiLR1Lgm8v,2026-05-17 04:13:12,54,eleven_multilingual_v2,created
y5z3DY20HG84QX3nRLTi,Добро пожаловать! Рад помочь вам забронировать столик.,Alisa Natural Russian Female,t6lBrEl93uCiLR1Lgm8v,2026-05-17 04:13:12,54,eleven_multilingual_v2,created
Vp6ZYTaoMD1lUdmmiu8H,"Здравствуйте, вы обратились по адресу для незабываемого гастрономического опыта!",Alisa Natural Russian Female,t6lBrEl93uCiLR1Lgm8v,2026-05-17 04:13:10,80,eleven_multilingual_v2,created
uWqmZ2C7wCe6T2lWbfi8,"Здравствуйте, вы обратились по адресу для незабываемого гастрономического опыта!",Alisa Natural Russian Female,t6lBrEl93uCiLR1Lgm8v,2026-05-17 04:13:10,80,eleven_multilingual_v2,created
Qo32Mhlx7LFpy68A1DPn,спасибо,Alisa Natural Russian Female,t6lBrEl93uCiLR1Lgm8v,2026-05-17 04:13:09,7,eleven_multilingual_v2,created
gzulOC1AZ9IhCL1tLVjs,спасибо,Alisa Natural Russian Female,t6lBrEl93uCiLR1Lgm8v,2026-05-17 04:13:09,7,eleven_multilingual_v2,created
aQ0RkWUAUgsrftMrQPlq,замечательно,Alisa Natural Russian Female,t6lBrEl93uCiLR1Lgm8v,2026-05-17 04:13:07,12,eleven_multilingual_v2,created
x71QuuQfbJ5hpCX8Lh3P,замечательно,Alisa Natural Russian Female,t6lBrEl93uCiLR1Lgm8v,2026-05-17 04:13:07,12,eleven_multilingual_v2,created
BNlAQM2ukKLFtjHlwnPt,хорошо,Alisa Natural Russian Female,t6lBrEl93uCiLR1Lgm8v,2026-05-17 04:13:05,6,eleven_multilingual_v2,created
fYppczaMFy4JqFx4MJvi,хорошо,Alisa Natural Russian Female,t6lBrEl93uCiLR1Lgm8v,2026-05-17 04:13:05,6,eleven_multilingual_v2,created
KIgfJvZvctQkKiFOiF3i,и,Alisa Natural Russian Female,t6lBrEl93uCiLR1Lgm8v,2026-05-17 04:13:04,1,eleven_multilingual_v2,created
s2BWcGXbbO4iMnmCVpqf,и,Alisa Natural Russian Female,t6lBrEl93uCiLR1Lgm8v,2026-05-17 04:13:04,1,eleven_multilingual_v2,created
4wIIjgaSWfz80izAUi2r,запись,Alisa Natural Russian Female,t6lBrEl93uCiLR1Lgm8v,2026-05-17 04:13:02,6,eleven_multilingual_v2,created
RfGo08gcTe9MqF6O6Frk,запись,Alisa Natural Russian Female,t6lBrEl93uCiLR1Lgm8v,2026-05-17 04:13:02,6,eleven_multilingual_v2,created
ruViHmqixXmi5ucrRaWl,стол,Alisa Natural Russian Female,t6lBrEl93uCiLR1Lgm8v,2026-05-17 04:13:01,4,eleven_multilingual_v2,created
z0p2uCsB9vGVvCwSQvUG,стол,Alisa Natural Russian Female,t6lBrEl93uCiLR1Lgm8v,2026-05-17 04:13:01,4,eleven_multilingual_v2,created
siWHmZkjaons94DJUxk2,человек,Alisa Natural Russian Female,t6lBrEl93uCiLR1Lgm8v,2026-05-17 04:12:59,7,eleven_multilingual_v2,created
yAgdmcrCh8mFGCFolnZp,человек,Alisa Natural Russian Female,t6lBrEl93uCiLR1Lgm8v,2026-05-17 04:12:59,7,eleven_multilingual_v2,created
T7IJxkxsnS2t5fOt0QMs,для,Alisa Natural Russian Female,t6lBrEl93uCiLR1Lgm8v,2026-05-17 04:12:58,3,eleven_multilingual_v2,created
gttn3bIKfjRS0bqFHspI,для,Alisa Natural Russian Female,t6lBrEl93uCiLR1Lgm8v,2026-05-17 04:12:58,3,eleven_multilingual_v2,created
NLMBM46IbUgogXqpjNQh,час,Alisa Natural Russian Female,t6lBrEl93uCiLR1Lgm8v,2026-05-17 04:12:56,3,eleven_multilingual_v2,created
hlDTipe6mJ4tlGnWw76P,час,Alisa Natural Russian Female,t6lBrEl93uCiLR1Lgm8v,2026-05-17 04:12:56,3,eleven_multilingual_v2,created
ROb2IS8QAB1AHCeYSht8,декабрь,Alisa Natural Russian Female,t6lBrEl93uCiLR1Lgm8v,2026-05-17 04:12:55,7,eleven_multilingual_v2,created
u3qBIUV2VNaMYERzZvf5,декабрь,Alisa Natural Russian Female,t6lBrEl93uCiLR1Lgm8v,2026-05-17 04:12:54,7,eleven_multilingual_v2,created
3t7WNHgfuViH5WLS26X6,ноябрь,Alisa Natural Russian Female,t6lBrEl93uCiLR1Lgm8v,2026-05-17 04:12:53,6,eleven_multilingual_v2,created
P3ie81bpnP0JhOc2mohF,ноябрь,Alisa Natural Russian Female,t6lBrEl93uCiLR1Lgm8v,2026-05-17 04:12:53,6,eleven_multilingual_v2,created
LEn0EZCYKQ7F5awRSt33,октябрь,Alisa Natural Russian Female,t6lBrEl93uCiLR1Lgm8v,2026-05-17 04:12:51,7,eleven_multilingual_v2,created
gZIB5p7gyDGhg62eIGey,октябрь,Alisa Natural Russian Female,t6lBrEl93uCiLR1Lgm8v,2026-05-17 04:12:51,7,eleven_multilingual_v2,created
FK0q0K5i77mY16JHqOlg,сентябрь,Alisa Natural Russian Female,t6lBrEl93uCiLR1Lgm8v,2026-05-17 04:12:50,8,eleven_multilingual_v2,created
mtS3XCSzeIZ1qzPVQmNw,сентябрь,Alisa Natural Russian Female,t6lBrEl93uCiLR1Lgm8v,2026-05-17 04:12:50,8,eleven_multilingual_v2,created
wDWre7SvvDvnSU2xA53e,август,Alisa Natural Russian Female,t6lBrEl93uCiLR1Lgm8v,2026-05-17 04:12:48,6,eleven_multilingual_v2,created
OzK43biaxMNKhq1FvaFQ,июль,Alisa Natural Russian Female,t6lBrEl93uCiLR1Lgm8v,2026-05-17 04:12:47,4,eleven_multilingual_v2,created
tfJDFFMDOV95swr9HASN,июль,Alisa Natural Russian Female,t6lBrEl93uCiLR1Lgm8v,2026-05-17 04:12:47,4,eleven_multilingual_v2,created
eNCsGujI7Ex3RSOmGKmv,июнь,Alisa Natural Russian Female,t6lBrEl93uCiLR1Lgm8v,2026-05-17 04:12:45,4,eleven_multilingual_v2,created
tLdVNbHOvJqxvcfME5DG,июнь,Alisa Natural Russian Female,t6lBrEl93uCiLR1Lgm8v,2026-05-17 04:12:45,4,eleven_multilingual_v2,created
sICuaRKIXRUg1GShR0FK,май,Alisa Natural Russian Female,t6lBrEl93uCiLR1Lgm8v,2026-05-17 04:12:44,3,eleven_multilingual_v2,created
uDN1VfZV12vLCfRYIPtU,май,Alisa Natural Russian Female,t6lBrEl93uCiLR1Lgm8v,2026-05-17 04:12:44,3,eleven_multilingual_v2,created
1kx1lxVusndMmqWw5655,апрель,Alisa Natural Russian Female,t6lBrEl93uCiLR1Lgm8v,2026-05-17 04:12:42,6,eleven_multilingual_v2,created
EwvTPFvnQjkKHaAY7khP,апрель,Alisa Natural Russian Female,t6lBrEl93uCiLR1Lgm8v,2026-05-17 04:12:42,6,eleven_multilingual_v2,created
EE8PB5qYvovaBhoaJcZs,март,Alisa Natural Russian Female,t6lBrEl93uCiLR1Lgm8v,2026-05-17 04:12:40,4,eleven_multilingual_v2,created
m8CSQUde6DCtn0aES9KZ,март,Alisa Natural Russian Female,t6lBrEl93uCiLR1Lgm8v,2026-05-17 04:12:40,4,eleven_multilingual_v2,created
jnKDeZYnDLgAftm7Fwsj,февраль,Alisa Natural Russian Female,t6lBrEl93uCiLR1Lgm8v,2026-05-17 04:12:39,7,eleven_multilingual_v2,created
qJoxxQPtDtpdN1Z859Z6,февраль,Alisa Natural Russian Female,t6lBrEl93uCiLR1Lgm8v,2026-05-17 04:12:39,7,eleven_multilingual_v2,created
aqC2oQa5KgJL4meLKjA6,январь,Alisa Natural Russian Female,t6lBrEl93uCiLR1Lgm8v,2026-05-17 04:12:37,6,eleven_multilingual_v2,created
fF8jL9RHmDbUUu2caILr,январь,Alisa Natural Russian Female,t6lBrEl93uCiLR1Lgm8v,2026-05-17 04:12:37,6,eleven_multilingual_v2,created
khFiDRgx3MAOmeW7oOkL,завтра,Alisa Natural Russian Female,t6lBrEl93uCiLR1Lgm8v,2026-05-17 04:12:36,6,eleven_multilingual_v2,created
wSbdkSVSv9pWJe7cXMX9,завтра,Alisa Natural Russian Female,t6lBrEl93uCiLR1Lgm8v,2026-05-17 04:12:36,6,eleven_multilingual_v2,created
A7cUuiLEiOWBOinCvn6Y,сегодня,Alisa Natural Russian Female,t6lBrEl93uCiLR1Lgm8v,2026-05-17 04:12:34,7,eleven_multilingual_v2,created
qA59JEvewIuJX4n6cgYZ,сегодня,Alisa Natural Russian Female,t6lBrEl93uCiLR1Lgm8v,2026-05-17 04:12:34,7,eleven_multilingual_v2,created
LJ2kN3LefeQXt6qj2uNc,воскресенье,Alisa Natural Russian Female,t6lBrEl93uCiLR1Lgm8v,2026-05-17 04:12:33,11,eleven_multilingual_v2,created
SxW4SzNgzyvlR4Ne1IRF,воскресенье,Alisa Natural Russian Female,t6lBrEl93uCiLR1Lgm8v,2026-05-17 04:12:33,11,eleven_multilingual_v2,created
HyGdkpKrC0NnlvcTp3jg,суббота,Alisa Natural Russian Female,t6lBrEl93uCiLR1Lgm8v,2026-05-17 04:12:31,7,eleven_multilingual_v2,created
K4Ss2gXMo84GHBwabvVe,суббота,Alisa Natural Russian Female,t6lBrEl93uCiLR1Lgm8v,2026-05-17 04:12:31,7,eleven_multilingual_v2,created
0dS1UZEFsOGdHLWSLEoY,пятница,Alisa Natural Russian Female,t6lBrEl93uCiLR1Lgm8v,2026-05-17 04:12:29,7,eleven_multilingual_v2,created
htKzE77c7Vhi3VgWb947,пятница,Alisa Natural Russian Female,t6lBrEl93uCiLR1Lgm8v,2026-05-17 04:12:29,7,eleven_multilingual_v2,created
VqrFfp9JxG9Ni7Yxc3pl,четверг,Alisa Natural Russian Female,t6lBrEl93uCiLR1Lgm8v,2026-05-17 04:12:28,7,eleven_multilingual_v2,created
ruTJlBpDGAAYtdxp8L7n,четверг,Alisa Natural Russian Female,t6lBrEl93uCiLR1Lgm8v,2026-05-17 04:12:28,7,eleven_multilingual_v2,created
hJIhmD2yUHyRVTSDyCTE,среда,Alisa Natural Russian Female,t6lBrEl93uCiLR1Lgm8v,2026-05-17 04:12:26,5,eleven_multilingual_v2,created
tFrAR0QEbPEDAENlvx5P,среда,Alisa Natural Russian Female,t6lBrEl93uCiLR1Lgm8v,2026-05-17 04:12:26,5,eleven_multilingual_v2,created
Exi3cA4HKG4UTSFNga5b,вторник,Alisa Natural Russian Female,t6lBrEl93uCiLR1Lgm8v,2026-05-17 04:12:25,7,eleven_multilingual_v2,created
XeWGuXi0f7WAA3DWt74V,вторник,Alisa Natural Russian Female,t6lBrEl93uCiLR1Lgm8v,2026-05-17 04:12:25,7,eleven_multilingual_v2,created
bfdYCjN4Ezck0IbrXxXS,понедельник,Alisa Natural Russian Female,t6lBrEl93uCiLR1Lgm8v,2026-05-17 04:12:23,11,eleven_multilingual_v2,created
zNuJM9rH9fz7ICX6ZMif,понедельник,Alisa Natural Russian Female,t6lBrEl93uCiLR1Lgm8v,2026-05-17 04:12:23,11,eleven_multilingual_v2,created
KsPEhgwz6S2jsf3PRknj,сорок пять,Alisa Natural Russian Female,t6lBrEl93uCiLR1Lgm8v,2026-05-17 04:12:22,10,eleven_multilingual_v2,created
oDPwx7r3Mezkc6pFo2JP,сорок пять,Alisa Natural Russian Female,t6lBrEl93uCiLR1Lgm8v,2026-05-17 04:12:22,10,eleven_multilingual_v2,created
QoTc7UBtWd3aR7XcIVIs,тридцать,Alisa Natural Russian Female,t6lBrEl93uCiLR1Lgm8v,2026-05-17 04:12:20,8,eleven_multilingual_v2,created
yhJnIXdTZInOSPbPB0eH,тридцать,Alisa Natural Russian Female,t6lBrEl93uCiLR1Lgm8v,2026-05-17 04:12:20,8,eleven_multilingual_v2,created
2TF4qxV2tm00Gtc2gLVM,двадцать три,Alisa Natural Russian Female,t6lBrEl93uCiLR1Lgm8v,2026-05-17 04:12:18,12,eleven_multilingual_v2,created
4JqPpbpLBsfO04E8e7kl,двадцать три,Alisa Natural Russian Female,t6lBrEl93uCiLR1Lgm8v,2026-05-17 04:12:18,12,eleven_multilingual_v2,created
9KWKPjCuvTVSC2BIbfnl,двадцать два,Alisa Natural Russian Female,t6lBrEl93uCiLR1Lgm8v,2026-05-17 04:12:17,12,eleven_multilingual_v2,created
bbXEmZvK402PgKOfZRyO,двадцать два,Alisa Natural Russian Female,t6lBrEl93uCiLR1Lgm8v,2026-05-17 04:12:17,12,eleven_multilingual_v2,created
2zdTVkzmGWIVhCjbxkYE,двадцать один,Alisa Natural Russian Female,t6lBrEl93uCiLR1Lgm8v,2026-05-17 04:12:15,13,eleven_multilingual_v2,created
AyT0Rvnm8VsjS2ND2yA1,двадцать один,Alisa Natural Russian Female,t6lBrEl93uCiLR1Lgm8v,2026-05-17 04:12:15,13,eleven_multilingual_v2,created
EIBuskI3y4p6xn7R7K9V,двадцать,Alisa Natural Russian Female,t6lBrEl93uCiLR1Lgm8v,2026-05-17 04:12:14,8,eleven_multilingual_v2,created
WaGE8g5YrNi8Tzc757JH,двадцать,Alisa Natural Russian Female,t6lBrEl93uCiLR1Lgm8v,2026-05-17 04:12:14,8,eleven_multilingual_v2,created
RNXR5K6n0etxd8ESybcT,девятнадцать,Alisa Natural Russian Female,t6lBrEl93uCiLR1Lgm8v,2026-05-17 04:12:12,12,eleven_multilingual_v2,created
SSAgyVnQCICcw7sV7i5P,девятнадцать,Alisa Natural Russian Female,t6lBrEl93uCiLR1Lgm8v,2026-05-17 04:12:12,12,eleven_multilingual_v2,created
jCjIRdnsRdl3K6pYVpMS,восемнадцать,Alisa Natural Russian Female,t6lBrEl93uCiLR1Lgm8v,2026-05-17 04:12:10,12,eleven_multilingual_v2,created
sHkQT5LAzXiLUrxblIl3,восемнадцать,Alisa Natural Russian Female,t6lBrEl93uCiLR1Lgm8v,2026-05-17 04:12:10,12,eleven_multilingual_v2,created
FY1GIaeLEM5FMp6ijD0F,семнадцать,Alisa Natural Russian Female,t6lBrEl93uCiLR1Lgm8v,2026-05-17 04:12:09,10,eleven_multilingual_v2,created
Y6gQJnGhYBQfEZjmop2f,семнадцать,Alisa Natural Russian Female,t6lBrEl93uCiLR1Lgm8v,2026-05-17 04:12:09,10,eleven_multilingual_v2,created
ZfKhS9nChymdv5eQXeNo,шестнадцать,Alisa Natural Russian Female,t6lBrEl93uCiLR1Lgm8v,2026-05-17 04:12:07,11,eleven_multilingual_v2,created
nRgoNXtrRcWNIyMBEJPA,шестнадцать,Alisa Natural Russian Female,t6lBrEl93uCiLR1Lgm8v,2026-05-17 04:12:07,11,eleven_multilingual_v2,created
8t7BITRpbYQi8zutchFy,пятнадцать,Alisa Natural Russian Female,t6lBrEl93uCiLR1Lgm8v,2026-05-17 04:12:06,10,eleven_multilingual_v2,created
XxGX3dOKwm759pl1wP8M,пятнадцать,Alisa Natural Russian Female,t6lBrEl93uCiLR1Lgm8v,2026-05-17 04:12:06,10,eleven_multilingual_v2,created
dz4VdyCDnghKLxonNirs,четырнадцать,Alisa Natural Russian Female,t6lBrEl93uCiLR1Lgm8v,2026-05-17 04:12:04,12,eleven_multilingual_v2,created
gLSRtu3Yi7pronWl2GFx,четырнадцать,Alisa Natural Russian Female,t6lBrEl93uCiLR1Lgm8v,2026-05-17 04:12:04,12,eleven_multilingual_v2,created
27VESWaao8Snf8Wepicw,тринадцать,Alisa Natural Russian Female,t6lBrEl93uCiLR1Lgm8v,2026-05-17 04:12:02,10,eleven_multilingual_v2,created
fnNXrsKUlRsdu7M8IOPM,тринадцать,Alisa Natural Russian Female,t6lBrEl93uCiLR1Lgm8v,2026-05-17 04:12:02,10,eleven_multilingual_v2,created
7sySwOgZtL3rmYAinZDL,двенадцать,Alisa Natural Russian Female,t6lBrEl93uCiLR1Lgm8v,2026-05-17 04:12:01,10,eleven_multilingual_v2,created
iDaWBTaFBtTEroVrHT8v,двенадцать,Alisa Natural Russian Female,t6lBrEl93uCiLR1Lgm8v,2026-05-17 04:12:01,10,eleven_multilingual_v2,created
Fr3vFH794WskdUW4342M,одиннадцать,Alisa Natural Russian Female,t6lBrEl93uCiLR1Lgm8v,2026-05-17 04:11:59,11,eleven_multilingual_v2,created
qGzDT2NEiXPRiDHe2eE8,одиннадцать,Alisa Natural Russian Female,t6lBrEl93uCiLR1Lgm8v,2026-05-17 04:11:59,11,eleven_multilingual_v2,created
CKItqhtlGjOj1u02JL8G,десять,Alisa Natural Russian Female,t6lBrEl93uCiLR1Lgm8v,2026-05-17 04:11:58,6,eleven_multilingual_v2,created
rybTefr1MyWFvflQmmVA,десять,Alisa Natural Russian Female,t6lBrEl93uCiLR1Lgm8v,2026-05-17 04:11:58,6,eleven_multilingual_v2,created
GNlvkZj23DwlpuS87jjK,девять,Alisa Natural Russian Female,t6lBrEl93uCiLR1Lgm8v,2026-05-17 04:11:56,6,eleven_multilingual_v2,created
O2ZqBbCa75eeB1TsaBQ4,девять,Alisa Natural Russian Female,t6lBrEl93uCiLR1Lgm8v,2026-05-17 04:11:56,6,eleven_multilingual_v2,created
C71jx8PdwnjVmaf30pVX,восемь,Alisa Natural Russian Female,t6lBrEl93uCiLR1Lgm8v,2026-05-17 04:11:55,6,eleven_multilingual_v2,created
tIiuQhTfBbq8aphEBz40,восемь,Alisa Natural Russian Female,t6lBrEl93uCiLR1Lgm8v,2026-05-17 04:11:55,6,eleven_multilingual_v2,created
FL7vZS6seBufnFySvj9O,семь,Alisa Natural Russian Female,t6lBrEl93uCiLR1Lgm8v,2026-05-17 04:11:53,4,eleven_multilingual_v2,created
Y6OiJ1cwQjtTwVfkvGda,семь,Alisa Natural Russian Female,t6lBrEl93uCiLR1Lgm8v,2026-05-17 04:11:53,4,eleven_multilingual_v2,created
Bi0EE7UMrijSWcDOYjs9,шесть,Alisa Natural Russian Female,t6lBrEl93uCiLR1Lgm8v,2026-05-17 04:11:52,5,eleven_multilingual_v2,created
AvruCRlWAN5VXAJHB0lA,шесть,Alisa Natural Russian Female,t6lBrEl93uCiLR1Lgm8v,2026-05-17 04:11:51,5,eleven_multilingual_v2,created
J9n0byKKgPVwFcx44T6U,пять,Alisa Natural Russian Female,t6lBrEl93uCiLR1Lgm8v,2026-05-17 04:11:50,4,eleven_multilingual_v2,created
dwysAsUjC1WkyiPyg9gw,пять,Alisa Natural Russian Female,t6lBrEl93uCiLR1Lgm8v,2026-05-17 04:11:50,4,eleven_multilingual_v2,created
KJ0jA7hS1Fm54RZUnnCw,четыре,Alisa Natural Russian Female,t6lBrEl93uCiLR1Lgm8v,2026-05-17 04:11:48,6,eleven_multilingual_v2,created
jzVZv2rVup9jpXhQPAFS,четыре,Alisa Natural Russian Female,t6lBrEl93uCiLR1Lgm8v,2026-05-17 04:11:48,6,eleven_multilingual_v2,created
6NVdZNSRStkAVBvJtLVz,три,Alisa Natural Russian Female,t6lBrEl93uCiLR1Lgm8v,2026-05-17 04:11:47,3,eleven_multilingual_v2,created
QLLKZxpRuxNtZ0gGmYNw,три,Alisa Natural Russian Female,t6lBrEl93uCiLR1Lgm8v,2026-05-17 04:11:47,3,eleven_multilingual_v2,created
XF7KyEYjaaQSoiBNpP8A,два,Alisa Natural Russian Female,t6lBrEl93uCiLR1Lgm8v,2026-05-17 04:11:45,3,eleven_multilingual_v2,created
Yh21Z72aNInPEOfS2r6P,два,Alisa Natural Russian Female,t6lBrEl93uCiLR1Lgm8v,2026-05-17 04:11:45,3,eleven_multilingual_v2,created
LyNYN0ZssJOed0kD7ysw,один,Alisa Natural Russian Female,t6lBrEl93uCiLR1Lgm8v,2026-05-17 04:11:44,4,eleven_multilingual_v2,created
ZgVeTSkWV3EPNiyRU4Ak,один,Alisa Natural Russian Female,t6lBrEl93uCiLR1Lgm8v,2026-05-17 04:11:44,4,eleven_multilingual_v2,created
Nn8f185i96nTWtcfY9Yl,ноль,Alisa Natural Russian Female,t6lBrEl93uCiLR1Lgm8v,2026-05-17 04:11:42,4,eleven_multilingual_v2,created
r7TYvNQFmN3CRgZxCV1k,ноль,Alisa Natural Russian Female,t6lBrEl93uCiLR1Lgm8v,2026-05-17 04:11:42,4,eleven_multilingual_v2,created
485J4tcmm63DBIFwfZjA,До свидания!,Alisa Natural Russian Female,t6lBrEl93uCiLR1Lgm8v,2026-05-17 04:11:41,12,eleven_multilingual_v2,created
eEQCq6IwsW8A9Pv2145l,До свидания!,Alisa Natural Russian Female,t6lBrEl93uCiLR1Lgm8v,2026-05-17 04:11:41,12,eleven_multilingual_v2,created
Rw0cGOkeTQkV7cTnpBmU,Могу ли я помочь вам ещё с чем-нибудь?,Alisa Natural Russian Female,t6lBrEl93uCiLR1Lgm8v,2026-05-17 04:11:39,38,eleven_multilingual_v2,created
hkmgzisOZo2QYPSJudph,Могу ли я помочь вам ещё с чем-нибудь?,Alisa Natural Russian Female,t6lBrEl93uCiLR1Lgm8v,2026-05-17 04:11:39,38,eleven_multilingual_v2,created
Jvqewq7MDTdxI3jSiPAj,"Добрый день, до свидания.",Alisa Natural Russian Female,t6lBrEl93uCiLR1Lgm8v,2026-05-17 04:11:37,25,eleven_multilingual_v2,created
kl5Nuppt2KAaUyZrvyex,"Добрый день, до свидания.",Alisa Natural Russian Female,t6lBrEl93uCiLR1Lgm8v,2026-05-17 04:11:37,25,eleven_multilingual_v2,created
Uq5eblsVtEbhoDM90JN2,"Спасибо, что выбрали нас.",Alisa Natural Russian Female,t6lBrEl93uCiLR1Lgm8v,2026-05-17 04:11:36,25,eleven_multilingual_v2,created
a4llNtWRToCMVg6XxJI1,"Спасибо, что выбрали нас.",Alisa Natural Russian Female,t6lBrEl93uCiLR1Lgm8v,2026-05-17 04:11:36,25,eleven_multilingual_v2,created
VdWYprdyQpkAbXMkQaGa,"До свидания, берегите себя.",Alisa Natural Russian Female,t6lBrEl93uCiLR1Lgm8v,2026-05-17 04:11:34,27,eleven_multilingual_v2,created
fVoeo0RYp7z6YchsomW7,"До свидания, берегите себя.",Alisa Natural Russian Female,t6lBrEl93uCiLR1Lgm8v,2026-05-17 04:11:34,27,eleven_multilingual_v2,created
PU6yRDZdlKuRlU8zYnWI,"Спасибо, желаем вам хорошего дня.",Alisa Natural Russian Female,t6lBrEl93uCiLR1Lgm8v,2026-05-17 04:11:32,33,eleven_multilingual_v2,created
n5p1iq3IDX3fT8PR2tAZ,"Спасибо, желаем вам хорошего дня.",Alisa Natural Russian Female,t6lBrEl93uCiLR1Lgm8v,2026-05-17 04:11:32,33,eleven_multilingual_v2,created
t0YbgymbmfoOTOIDknNG,"Если вы хотите отменить запись, вы можете позвонить нам.",Alisa Natural Russian Female,t6lBrEl93uCiLR1Lgm8v,2026-05-17 04:11:31,56,eleven_multilingual_v2,created
CMPtQGh5Pp35SeglYdmJ,"Если вы хотите отменить запись, вы можете позвонить нам.",Alisa Natural Russian Female,t6lBrEl93uCiLR1Lgm8v,2026-05-17 04:11:30,56,eleven_multilingual_v2,created
7J30oGbBc6Zqnv1W4vEB,"До вашей записи осталось два часа, ждём вас.",Alisa Natural Russian Female,t6lBrEl93uCiLR1Lgm8v,2026-05-17 04:11:29,44,eleven_multilingual_v2,created
sIem67FD2oLNgrRXi3kR,"До вашей записи осталось два часа, ждём вас.",Alisa Natural Russian Female,t6lBrEl93uCiLR1Lgm8v,2026-05-17 04:11:29,44,eleven_multilingual_v2,created
C15YSE28XZebO1yv9gMI,"Мы звоним по поводу вашей записи на завтра, добрый день.",Alisa Natural Russian Female,t6lBrEl93uCiLR1Lgm8v,2026-05-17 04:11:27,56,eleven_multilingual_v2,created
Sk6KgunK8HWFNWtBRy9O,"Мы звоним по поводу вашей записи на завтра, добрый день.",Alisa Natural Russian Female,t6lBrEl93uCiLR1Lgm8v,2026-05-17 04:11:27,56,eleven_multilingual_v2,created
NRtdCCunYfhuZevb3h53,"Я вас не понял, не могли бы вы говорить немного громче?",Alisa Natural Russian Female,t6lBrEl93uCiLR1Lgm8v,2026-05-17 04:11:25,55,eleven_multilingual_v2,created
km8Uogz7sH6m2kAZjzl5,"Я вас не понял, не могли бы вы говорить немного громче?",Alisa Natural Russian Female,t6lBrEl93uCiLR1Lgm8v,2026-05-17 04:11:25,55,eleven_multilingual_v2,created
G8yYOJSxlUfXBuCzTPUJ,"Не удалось проверить введённые данные, не могли бы вы повторить?",Alisa Natural Russian Female,t6lBrEl93uCiLR1Lgm8v,2026-05-17 04:11:23,64,eleven_multilingual_v2,created
kxQ8RRnSGixQvbCTgxnX,"Не удалось проверить введённые данные, не могли бы вы повторить?",Alisa Natural Russian Female,t6lBrEl93uCiLR1Lgm8v,2026-05-17 04:11:23,64,eleven_multilingual_v2,created
V9KhHclkDg9J7sRrcTDw,"Возникла проблема, пожалуйста, попробуйте ещё раз.",Alisa Natural Russian Female,t6lBrEl93uCiLR1Lgm8v,2026-05-17 04:11:22,50,eleven_multilingual_v2,created
XYhb88QjfmOJEWcijQsL,"Возникла проблема, пожалуйста, попробуйте ещё раз.",Alisa Natural Russian Female,t6lBrEl93uCiLR1Lgm8v,2026-05-17 04:11:22,50,eleven_multilingual_v2,created
6KTSTNkwVWmW9KstY8sX,"К сожалению, на эту дату мест нет.",Alisa Natural Russian Female,t6lBrEl93uCiLR1Lgm8v,2026-05-17 04:11:20,34,eleven_multilingual_v2,created
LH798jvGLx3kICPEjgb1,"К сожалению, на эту дату мест нет.",Alisa Natural Russian Female,t6lBrEl93uCiLR1Lgm8v,2026-05-17 04:11:20,34,eleven_multilingual_v2,created
FkLef33i7XUW8EmrmthP,"Извините, выбранное время занято. Можем ли мы попробовать другое время?",Alisa Natural Russian Female,t6lBrEl93uCiLR1Lgm8v,2026-05-17 04:11:18,71,eleven_multilingual_v2,created
zQ7Y0zjrx4UlRqA7R9Eo,"Извините, выбранное время занято. Можем ли мы попробовать другое время?",Alisa Natural Russian Female,t6lBrEl93uCiLR1Lgm8v,2026-05-17 04:11:18,71,eleven_multilingual_v2,created
5PIJAyra5F5gb5S5jCj0,Ваши изменения сохранены.,Alisa Natural Russian Female,t6lBrEl93uCiLR1Lgm8v,2026-05-17 04:11:16,25,eleven_multilingual_v2,created
PaAvNEbiuRTAChSwwe4Y,Ваши изменения сохранены.,Alisa Natural Russian Female,t6lBrEl93uCiLR1Lgm8v,2026-05-17 04:11:16,25,eleven_multilingual_v2,created
ACrSr5vRXKE1tSZJc4p6,Какая новая дата вам подходит?,Alisa Natural Russian Female,t6lBrEl93uCiLR1Lgm8v,2026-05-17 04:11:14,30,eleven_multilingual_v2,created
gxAeezocbO1s10IojI9T,Какая новая дата вам подходит?,Alisa Natural Russian Female,t6lBrEl93uCiLR1Lgm8v,2026-05-17 04:11:14,30,eleven_multilingual_v2,created
IFTiuitpF0gkXOnbtVww,Хотите изменить вашу запись?,Alisa Natural Russian Female,t6lBrEl93uCiLR1Lgm8v,2026-05-17 04:11:13,28,eleven_multilingual_v2,created
tqhnorBoBzcUEepNb71p,Хотите изменить вашу запись?,Alisa Natural Russian Female,t6lBrEl93uCiLR1Lgm8v,2026-05-17 04:11:13,28,eleven_multilingual_v2,created
KfxLnCCMlw6qBOc9p4HY,Ваше бронирование отменено. Надеемся увидеть вас снова.,Alisa Natural Russian Female,t6lBrEl93uCiLR1Lgm8v,2026-05-17 04:11:11,55,eleven_multilingual_v2,created
LjP2Y2S5C7uoxBmF0x8X,Ваше бронирование отменено. Надеемся увидеть вас снова.,Alisa Natural Russian Female,t6lBrEl93uCiLR1Lgm8v,2026-05-17 04:11:11,55,eleven_multilingual_v2,created
9TrsrQaFdRC3c3kySWTG,"Понимаю, что вы хотите отменить бронирование.",Alisa Natural Russian Female,t6lBrEl93uCiLR1Lgm8v,2026-05-17 04:11:09,45,eleven_multilingual_v2,created
FryW4jenDE19pel0aFDB,"Понимаю, что вы хотите отменить бронирование.",Alisa Natural Russian Female,t6lBrEl93uCiLR1Lgm8v,2026-05-17 04:11:09,45,eleven_multilingual_v2,created
10eEe3Vf9q4VvRCpLP6a,Я правильно понял информацию? Позвольте повторить ещё раз.,Alisa Natural Russian Female,t6lBrEl93uCiLR1Lgm8v,2026-05-17 04:11:07,58,eleven_multilingual_v2,created
7ceP0nVhtWcgV844Hawx,Я правильно понял информацию? Позвольте повторить ещё раз.,Alisa Natural Russian Female,t6lBrEl93uCiLR1Lgm8v,2026-05-17 04:11:07,58,eleven_multilingual_v2,created
Qo5jQOnbUTC2f47yL3q5,"Чтобы подтвердить запись, скажите Да или нажмите клавишу один.",Alisa Natural Russian Female,t6lBrEl93uCiLR1Lgm8v,2026-05-17 04:11:05,62,eleven_multilingual_v2,created
oHUUlRfZAUUcBSQMkJ2O,"Чтобы подтвердить запись, скажите Да или нажмите клавишу один.",Alisa Natural Russian Female,t6lBrEl93uCiLR1Lgm8v,2026-05-17 04:11:05,62,eleven_multilingual_v2,created
EVr5PkZKLTk6YGA1Lghu,Мы отправили детали вашего бронирования по СМС и электронной почте.,Alisa Natural Russian Female,t6lBrEl93uCiLR1Lgm8v,2026-05-17 04:11:03,67,eleven_multilingual_v2,created
jS1pyI6i4XyLFr1AqFOF,Мы отправили детали вашего бронирования по СМС и электронной почте.,Alisa Natural Russian Female,t6lBrEl93uCiLR1Lgm8v,2026-05-17 04:11:03,67,eleven_multilingual_v2,created
mi2XNMvxoiYPttSSctiM,"Замечательно! Всё готово, до встречи.",Alisa Natural Russian Female,t6lBrEl93uCiLR1Lgm8v,2026-05-17 04:11:02,37,eleven_multilingual_v2,created
rbAigqARQVjyhTHGyzmp,"Замечательно! Всё готово, до встречи.",Alisa Natural Russian Female,t6lBrEl93uCiLR1Lgm8v,2026-05-17 04:11:02,37,eleven_multilingual_v2,created
7e7HgkvWhM5gqV6q6M9t,"Ваша запись подтверждена, ждём вас.",Alisa Natural Russian Female,t6lBrEl93uCiLR1Lgm8v,2026-05-17 04:11:00,35,eleven_multilingual_v2,created
lngbk1GBwlYItwU2UKU2,"Ваша запись подтверждена, ждём вас.",Alisa Natural Russian Female,t6lBrEl93uCiLR1Lgm8v,2026-05-17 04:11:00,35,eleven_multilingual_v2,created
bYymuNR7tyL6PkdE5V8q,Ваше бронирование успешно создано.,Alisa Natural Russian Female,t6lBrEl93uCiLR1Lgm8v,2026-05-17 04:10:58,34,eleven_multilingual_v2,created
qiooTntIyB74t7qhzCs8,Ваше бронирование успешно создано.,Alisa Natural Russian Female,t6lBrEl93uCiLR1Lgm8v,2026-05-17 04:10:58,34,eleven_multilingual_v2,created
XePWHHHYqNEUGQAJjXyN,Вы бывали у нас раньше?,Alisa Natural Russian Female,t6lBrEl93uCiLR1Lgm8v,2026-05-17 04:10:56,23,eleven_multilingual_v2,created
YcBPcglnucTVVMV3CiPt,Вы бывали у нас раньше?,Alisa Natural Russian Female,t6lBrEl93uCiLR1Lgm8v,2026-05-17 04:10:56,23,eleven_multilingual_v2,created
Gw23vCiiF8gOBQNVeSm7,Есть ли у вас особые пожелания?,Alisa Natural Russian Female,t6lBrEl93uCiLR1Lgm8v,2026-05-17 04:10:55,31,eleven_multilingual_v2,created
f7rGyf36GO0A45781USs,Есть ли у вас особые пожелания?,Alisa Natural Russian Female,t6lBrEl93uCiLR1Lgm8v,2026-05-17 04:10:55,31,eleven_multilingual_v2,created
L5N7v8jZWuwWkGOtqRJB,На сколько человек вы хотите забронировать?,Alisa Natural Russian Female,t6lBrEl93uCiLR1Lgm8v,2026-05-17 04:10:53,43,eleven_multilingual_v2,created
tXSw9Z6T6V80Op54pbBk,На сколько человек вы хотите забронировать?,Alisa Natural Russian Female,t6lBrEl93uCiLR1Lgm8v,2026-05-17 04:10:53,43,eleven_multilingual_v2,created
8FK563knG7aCDztKN9vd,Не могли бы вы поделиться адресом электронной почты?,Alisa Natural Russian Female,t6lBrEl93uCiLR1Lgm8v,2026-05-17 04:10:51,52,eleven_multilingual_v2,created
Br8S7SHWTIf7rMU3i5sa,Не могли бы вы поделиться адресом электронной почты?,Alisa Natural Russian Female,t6lBrEl93uCiLR1Lgm8v,2026-05-17 04:10:51,52,eleven_multilingual_v2,created
CVePIPwtx2AAXybviEpj,Могу я узнать ваш номер телефона?,Alisa Natural Russian Female,t6lBrEl93uCiLR1Lgm8v,2026-05-17 04:10:49,33,eleven_multilingual_v2,created
v6VmelN7bipfwXahTPcH,Могу я узнать ваш номер телефона?,Alisa Natural Russian Female,t6lBrEl93uCiLR1Lgm8v,2026-05-17 04:10:49,33,eleven_multilingual_v2,created
lw49RrDgOtZVPTAwY42y,Могу я узнать ваше имя и фамилию?,Alisa Natural Russian Female,t6lBrEl93uCiLR1Lgm8v,2026-05-17 04:10:48,33,eleven_multilingual_v2,created
mUYJxLWqG57M5oPb4vR5,Могу я узнать ваше имя и фамилию?,Alisa Natural Russian Female,t6lBrEl93uCiLR1Lgm8v,2026-05-17 04:10:48,33,eleven_multilingual_v2,created
Lk7TMjG543qRAKYcWLFY,Какое время вам удобно?,Alisa Natural Russian Female,t6lBrEl93uCiLR1Lgm8v,2026-05-17 04:10:46,23,eleven_multilingual_v2,created
U8oHHuUPZxWaLqsv2Uim,Какое время вам удобно?,Alisa Natural Russian Female,t6lBrEl93uCiLR1Lgm8v,2026-05-17 04:10:46,23,eleven_multilingual_v2,created
CR8KkzqdO1t06UCzqHCl,На какую дату вы хотите записаться?,Alisa Natural Russian Female,t6lBrEl93uCiLR1Lgm8v,2026-05-17 04:10:44,35,eleven_multilingual_v2,created
CZIrWcXJDCRWjra54x64,На какую дату вы хотите записаться?,Alisa Natural Russian Female,t6lBrEl93uCiLR1Lgm8v,2026-05-17 04:10:44,35,eleven_multilingual_v2,created
O5nhaMPVYE8F6kAchU2R,Добро пожаловать! Вы обратились по адресу для бронирования.,Alisa Natural Russian Female,t6lBrEl93uCiLR1Lgm8v,2026-05-17 04:10:43,59,eleven_multilingual_v2,created
Rf7575lD5HvSXlCoecbG,Добро пожаловать! Вы обратились по адресу для бронирования.,Alisa Natural Russian Female,t6lBrEl93uCiLR1Lgm8v,2026-05-17 04:10:43,59,eleven_multilingual_v2,created
Zw9uaVyIILLTH2c5j4HT,"Здравствуйте, я ваш цифровой помощник. Чем могу помочь?",Alisa Natural Russian Female,t6lBrEl93uCiLR1Lgm8v,2026-05-17 04:10:41,55,eleven_multilingual_v2,created
nWcpHZnFWxPODxYaNkmh,"Здравствуйте, я ваш цифровой помощник. Чем могу помочь?",Alisa Natural Russian Female,t6lBrEl93uCiLR1Lgm8v,2026-05-17 04:10:41,55,eleven_multilingual_v2,created
95hrAUHDCeuUKbGvfWqG,Добрый день! Рады видеть вас у нас.,Alisa Natural Russian Female,t6lBrEl93uCiLR1Lgm8v,2026-05-17 04:10:39,35,eleven_multilingual_v2,created
AeshizUeQtfya4Cp6sxb,Добрый день! Рады видеть вас у нас.,Alisa Natural Russian Female,t6lBrEl93uCiLR1Lgm8v,2026-05-17 04:10:39,35,eleven_multilingual_v2,created
S1GH1H4fwOhljVZIRwPO,Здравствуйте! Чем могу помочь вам сегодня?,Alisa Natural Russian Female,t6lBrEl93uCiLR1Lgm8v,2026-05-17 04:10:37,42,eleven_multilingual_v2,created
lMmVSSd1o5MCDOgT73uJ,Здравствуйте! Чем могу помочь вам сегодня?,Alisa Natural Russian Female,t6lBrEl93uCiLR1Lgm8v,2026-05-17 04:10:37,42,eleven_multilingual_v2,created
jwZE55ueuFRYL3yPp1SS,"Здравствуйте, добро пожаловать! Чем могу помочь?",Alisa Natural Russian Female,t6lBrEl93uCiLR1Lgm8v,2026-05-17 04:10:35,48,eleven_multilingual_v2,created
KBtxa9G8KZSTkxMSfEDn,No necesita lavarse el cabello antes de su cita.,MARCIANO RAJOY - Realista y Comercial,j41pQugxGaKleSQLIyG2,2026-05-17 04:10:27,48,eleven_multilingual_v2,created
M4R3KANlpvhbnTNGHBP2,No necesita lavarse el cabello antes de su cita.,MARCIANO RAJOY - Realista y Comercial,j41pQugxGaKleSQLIyG2,2026-05-17 04:10:27,48,eleven_multilingual_v2,created
YRubqMLgWcu1sjs63lEY,"Su reserva ha sido confirmada, le deseamos una agradable experiencia.",MARCIANO RAJOY - Realista y Comercial,j41pQugxGaKleSQLIyG2,2026-05-17 04:10:26,69,eleven_multilingual_v2,created
jHVqKtELINaQMTpOM3f6,"Su reserva ha sido confirmada, le deseamos una agradable experiencia.",MARCIANO RAJOY - Realista y Comercial,j41pQugxGaKleSQLIyG2,2026-05-17 04:10:25,69,eleven_multilingual_v2,created
nvLjdIhOgL1t0YYC1GhM,Su estilista le estará esperando a la hora acordada.,MARCIANO RAJOY - Realista y Comercial,j41pQugxGaKleSQLIyG2,2026-05-17 04:10:24,52,eleven_multilingual_v2,created
uCYD8oolGF48nbnrhO1F,Su estilista le estará esperando a la hora acordada.,MARCIANO RAJOY - Realista y Comercial,j41pQugxGaKleSQLIyG2,2026-05-17 04:10:24,52,eleven_multilingual_v2,created
gyyiO8gmdEXrVezJ8RSt,"Su cita ha sido recibida, ¡prepárese para lucir elegante!",MARCIANO RAJOY - Realista y Comercial,j41pQugxGaKleSQLIyG2,2026-05-17 04:10:22,57,eleven_multilingual_v2,created
tifl4CNHrjfN1N31JHga,"Su cita ha sido recibida, ¡prepárese para lucir elegante!",MARCIANO RAJOY - Realista y Comercial,j41pQugxGaKleSQLIyG2,2026-05-17 04:10:22,57,eleven_multilingual_v2,created
ii0eKR4ZBux4WytgPvKz,¿Desea aprovechar nuestro servicio de depilación de cejas?,MARCIANO RAJOY - Realista y Comercial,j41pQugxGaKleSQLIyG2,2026-05-17 04:10:20,58,eleven_multilingual_v2,created
sD03Qb0DNuOEQB6RqN5k,¿Desea aprovechar nuestro servicio de depilación de cejas?,MARCIANO RAJOY - Realista y Comercial,j41pQugxGaKleSQLIyG2,2026-05-17 04:10:20,58,eleven_multilingual_v2,created
wIq4jq6zyC83bNqhccny,¿Desea añadir una mascarilla para el cabello?,MARCIANO RAJOY - Realista y Comercial,j41pQugxGaKleSQLIyG2,2026-05-17 04:10:18,45,eleven_multilingual_v2,created
x8q4nbS7eLb2A6A302aP,¿Desea añadir una mascarilla para el cabello?,MARCIANO RAJOY - Realista y Comercial,j41pQugxGaKleSQLIyG2,2026-05-17 04:10:18,45,eleven_multilingual_v2,created
67zrw53foVBSz1xJtJEe,¿Desea un afeitado clásico con navaja?,MARCIANO RAJOY - Realista y Comercial,j41pQugxGaKleSQLIyG2,2026-05-17 04:10:17,38,eleven_multilingual_v2,created
aBxid7IrVztL2Uj7DwPQ,¿Desea un afeitado clásico con navaja?,MARCIANO RAJOY - Realista y Comercial,j41pQugxGaKleSQLIyG2,2026-05-17 04:10:17,38,eleven_multilingual_v2,created
J1NdNmb9EQXmVBHXnCoB,¿Desea que le cortemos o moldemos la barba?,MARCIANO RAJOY - Realista y Comercial,j41pQugxGaKleSQLIyG2,2026-05-17 04:10:15,43,eleven_multilingual_v2,created
UsXSb6AeY0qoRO7rKcb7,¿Desea que le cortemos o moldemos la barba?,MARCIANO RAJOY - Realista y Comercial,j41pQugxGaKleSQLIyG2,2026-05-17 04:10:15,43,eleven_multilingual_v2,created
9tfgZjdUI02HoX1tSFF6,"¿Corte de cabello, afeitado o ambos?",MARCIANO RAJOY - Realista y Comercial,j41pQugxGaKleSQLIyG2,2026-05-17 04:10:13,36,eleven_multilingual_v2,created
WvIHOePiVvtAtTY1MHJP,"¿Corte de cabello, afeitado o ambos?",MARCIANO RAJOY - Realista y Comercial,j41pQugxGaKleSQLIyG2,2026-05-17 04:10:13,36,eleven_multilingual_v2,created
3RlUjUBvcjnSe71mQHM3,"¿Desea balayage, ombre o un color uniforme?",MARCIANO RAJOY - Realista y Comercial,j41pQugxGaKleSQLIyG2,2026-05-17 04:10:11,43,eleven_multilingual_v2,created
8vtj5SaSnJm6grhQBjWu,"¿Desea balayage, ombre o un color uniforme?",MARCIANO RAJOY - Realista y Comercial,j41pQugxGaKleSQLIyG2,2026-05-17 04:10:11,43,eleven_multilingual_v2,created
dd9YEIFhlM4Ck51SIItk,¿Tiene alguna foto de referencia?,MARCIANO RAJOY - Realista y Comercial,j41pQugxGaKleSQLIyG2,2026-05-17 04:10:10,33,eleven_multilingual_v2,created
uziHSvKjxMHk8Vq5qLeP,¿Tiene alguna foto de referencia?,MARCIANO RAJOY - Realista y Comercial,j41pQugxGaKleSQLIyG2,2026-05-17 04:10:10,33,eleven_multilingual_v2,created
EDg2OiRtvC1tFJM9GpMS,¿Qué tono de color tiene en mente?,MARCIANO RAJOY - Realista y Comercial,j41pQugxGaKleSQLIyG2,2026-05-17 04:10:08,34,eleven_multilingual_v2,created
rkkCRNHN7dB0NqgZYzR2,¿Qué tono de color tiene en mente?,MARCIANO RAJOY - Realista y Comercial,j41pQugxGaKleSQLIyG2,2026-05-17 04:10:08,34,eleven_multilingual_v2,created
7g85ccaKzZcqQrrOGNR1,¿Se ha realizado algún tratamiento químico anteriormente?,MARCIANO RAJOY - Realista y Comercial,j41pQugxGaKleSQLIyG2,2026-05-17 04:10:06,57,eleven_multilingual_v2,created
xfvQWcSUBxHL2C60nEo5,¿Se ha realizado algún tratamiento químico anteriormente?,MARCIANO RAJOY - Realista y Comercial,j41pQugxGaKleSQLIyG2,2026-05-17 04:10:06,57,eleven_multilingual_v2,created
1oHEGQ9xXi3bL7XbofYd,¿Cuál es la longitud y el tipo de su cabello?,MARCIANO RAJOY - Realista y Comercial,j41pQugxGaKleSQLIyG2,2026-05-17 04:10:04,45,eleven_multilingual_v2,created
IK4MsMAx6YeijObVX0QG,¿Cuál es la longitud y el tipo de su cabello?,MARCIANO RAJOY - Realista y Comercial,j41pQugxGaKleSQLIyG2,2026-05-17 04:10:04,45,eleven_multilingual_v2,created
PA3mVqbeRtosK1WztAYy,¿Tiene preferencia por algún estilista en particular?,MARCIANO RAJOY - Realista y Comercial,j41pQugxGaKleSQLIyG2,2026-05-17 04:10:03,53,eleven_multilingual_v2,created
SGbHqWWWU3ksKY9onqas,¿Tiene preferencia por algún estilista en particular?,MARCIANO RAJOY - Realista y Comercial,j41pQugxGaKleSQLIyG2,2026-05-17 04:10:03,53,eleven_multilingual_v2,created
7UzedAgtq5fM3WVFV7EW,"¿Corte de cabello, coloración o tratamiento?",MARCIANO RAJOY - Realista y Comercial,j41pQugxGaKleSQLIyG2,2026-05-17 04:10:01,44,eleven_multilingual_v2,created
uXyTlHv8LK9Ssc2YnzUq,"¿Corte de cabello, coloración o tratamiento?",MARCIANO RAJOY - Realista y Comercial,j41pQugxGaKleSQLIyG2,2026-05-17 04:10:01,44,eleven_multilingual_v2,created
Ly0dMID3NmcSp3yuFyyw,¿Qué servicio de los nuestros desea?,MARCIANO RAJOY - Realista y Comercial,j41pQugxGaKleSQLIyG2,2026-05-17 04:09:59,36,eleven_multilingual_v2,created
fpG2BJ1JZFfPq0oFLwbV,¿Qué servicio de los nuestros desea?,MARCIANO RAJOY - Realista y Comercial,j41pQugxGaKleSQLIyG2,2026-05-17 04:09:59,36,eleven_multilingual_v2,created
DqQDru4u2rgTkPmtTY86,"¡Hola, estamos aquí para un nuevo look!",MARCIANO RAJOY - Realista y Comercial,j41pQugxGaKleSQLIyG2,2026-05-17 04:09:58,39,eleven_multilingual_v2,created
KBrupNPM3UtPHbKwqH6x,"¡Hola, estamos aquí para un nuevo look!",MARCIANO RAJOY - Realista y Comercial,j41pQugxGaKleSQLIyG2,2026-05-17 04:09:58,39,eleven_multilingual_v2,created
6VsvB3tmO09CIaaxnQUB,"Bienvenido, gracias por confiarnos su cabello.",MARCIANO RAJOY - Realista y Comercial,j41pQugxGaKleSQLIyG2,2026-05-17 04:09:56,46,eleven_multilingual_v2,created
xRDUSFGwwg2xALmWHXuK,"Bienvenido, gracias por confiarnos su cabello.",MARCIANO RAJOY - Realista y Comercial,j41pQugxGaKleSQLIyG2,2026-05-17 04:09:56,46,eleven_multilingual_v2,created
8FxyuqSN2hCiMJpM25pI,¡Hola! Está en el lugar correcto para un aspecto fantástico.,MARCIANO RAJOY - Realista y Comercial,j41pQugxGaKleSQLIyG2,2026-05-17 04:09:54,60,eleven_multilingual_v2,created
WrkxFNLmc75n17hDU4ut,¡Hola! Está en el lugar correcto para un aspecto fantástico.,MARCIANO RAJOY - Realista y Comercial,j41pQugxGaKleSQLIyG2,2026-05-17 04:09:54,60,eleven_multilingual_v2,created
TuFYYIAMLHvUNiXvGNVt,Debe venir en ayunas.,MARCIANO RAJOY - Realista y Comercial,j41pQugxGaKleSQLIyG2,2026-05-17 04:09:52,21,eleven_multilingual_v2,created
oNulB8kYGSzJZppSssnJ,Debe venir en ayunas.,MARCIANO RAJOY - Realista y Comercial,j41pQugxGaKleSQLIyG2,2026-05-17 04:09:52,21,eleven_multilingual_v2,created
Lh6fzLojXkBNswHr751A,Le pedimos que traiga su identificación y tarjeta de seguro.,MARCIANO RAJOY - Realista y Comercial,j41pQugxGaKleSQLIyG2,2026-05-17 04:09:51,60,eleven_multilingual_v2,created
jcd8c4NWfBCoFbKEmDsW,"Para cancelar su cita, llámenos con veinticuatro horas de antelación.",MARCIANO RAJOY - Realista y Comercial,j41pQugxGaKleSQLIyG2,2026-05-17 04:09:49,69,eleven_multilingual_v2,created
rmpSgOVIGHgOCgb6pt8k,"Para cancelar su cita, llámenos con veinticuatro horas de antelación.",MARCIANO RAJOY - Realista y Comercial,j41pQugxGaKleSQLIyG2,2026-05-17 04:09:49,69,eleven_multilingual_v2,created
8VyIQF81n32d90MCcUIb,Su médico le estará esperando a la hora acordada.,MARCIANO RAJOY - Realista y Comercial,j41pQugxGaKleSQLIyG2,2026-05-17 04:09:47,49,eleven_multilingual_v2,created
oKfBQdIajZgxcKqHYSRt,Su médico le estará esperando a la hora acordada.,MARCIANO RAJOY - Realista y Comercial,j41pQugxGaKleSQLIyG2,2026-05-17 04:09:47,49,eleven_multilingual_v2,created
Fm2fx7Pq80pqxvwqxCS9,"Su cita ha sido creada, le deseamos días saludables.",MARCIANO RAJOY - Realista y Comercial,j41pQugxGaKleSQLIyG2,2026-05-17 04:09:45,52,eleven_multilingual_v2,created
JQOkLdnJzXQ0GTbCbtVi,"Su cita ha sido creada, le deseamos días saludables.",MARCIANO RAJOY - Realista y Comercial,j41pQugxGaKleSQLIyG2,2026-05-17 04:09:45,52,eleven_multilingual_v2,created
Uxxj5zPjEn98zzhLy0pQ,¿Tiene dolor de muelas?,MARCIANO RAJOY - Realista y Comercial,j41pQugxGaKleSQLIyG2,2026-05-17 04:09:43,23,eleven_multilingual_v2,created
xxUTSskNHBABG9dZAv7L,¿Tiene dolor de muelas?,MARCIANO RAJOY - Realista y Comercial,j41pQugxGaKleSQLIyG2,2026-05-17 04:09:43,23,eleven_multilingual_v2,created
YTQUCTeslOvfTfoJ3NWl,"¿Desea una revisión, tratamiento o procedimiento estético?",MARCIANO RAJOY - Realista y Comercial,j41pQugxGaKleSQLIyG2,2026-05-17 04:09:42,58,eleven_multilingual_v2,created
sQWvMJXyW5ZIorGPaO4t,"¿Desea una revisión, tratamiento o procedimiento estético?",MARCIANO RAJOY - Realista y Comercial,j41pQugxGaKleSQLIyG2,2026-05-17 04:09:42,58,eleven_multilingual_v2,created
Fl8iD1nnjgFds4jBg1iX,"La primera sesión es una sesión de evaluación, su cita durará sesenta minutos.",MARCIANO RAJOY - Realista y Comercial,j41pQugxGaKleSQLIyG2,2026-05-17 04:09:40,78,eleven_multilingual_v2,created
I8bEJ7o2DXs6GQZNjGka,"La primera sesión es una sesión de evaluación, su cita durará sesenta minutos.",MARCIANO RAJOY - Realista y Comercial,j41pQugxGaKleSQLIyG2,2026-05-17 04:09:40,78,eleven_multilingual_v2,created
bXI2CGhFiuFed6wRgSGL,La información de su sesión se mantiene completamente confidencial.,MARCIANO RAJOY - Realista y Comercial,j41pQugxGaKleSQLIyG2,2026-05-17 04:09:38,67,eleven_multilingual_v2,created
sTxhktbJgqCLokG7RGoL,La información de su sesión se mantiene completamente confidencial.,MARCIANO RAJOY - Realista y Comercial,j41pQugxGaKleSQLIyG2,2026-05-17 04:09:38,67,eleven_multilingual_v2,created
OS7m3V9yLYPVF3e0mig7,También disponemos de la posibilidad de sesiones en línea.,MARCIANO RAJOY - Realista y Comercial,j41pQugxGaKleSQLIyG2,2026-05-17 04:09:36,58,eleven_multilingual_v2,created
mZbmlPA0Y0WrrIBuhpL0,También disponemos de la posibilidad de sesiones en línea.,MARCIANO RAJOY - Realista y Comercial,j41pQugxGaKleSQLIyG2,2026-05-17 04:09:36,58,eleven_multilingual_v2,created
H0GVyxHPP1gEvDencJjO,"¿Prefiere terapia individual, de pareja o familiar?",MARCIANO RAJOY - Realista y Comercial,j41pQugxGaKleSQLIyG2,2026-05-17 04:09:34,51,eleven_multilingual_v2,created
KHtbSMyccdVQNakAfQNW,"¿Prefiere terapia individual, de pareja o familiar?",MARCIANO RAJOY - Realista y Comercial,j41pQugxGaKleSQLIyG2,2026-05-17 04:09:34,51,eleven_multilingual_v2,created
ZnfbgB65LkDXt5yXkWpT,¿Prefiere una cita urgente o una cita normal?,MARCIANO RAJOY - Realista y Comercial,j41pQugxGaKleSQLIyG2,2026-05-17 04:09:33,45,eleven_multilingual_v2,created
mbYV7SrSU430TSmHyuF4,¿Prefiere una cita urgente o una cita normal?,MARCIANO RAJOY - Realista y Comercial,j41pQugxGaKleSQLIyG2,2026-05-17 04:09:33,45,eleven_multilingual_v2,created
MF8Jn6BYjbgcSRTL4qZH,¿Toma algún medicamento?,MARCIANO RAJOY - Realista y Comercial,j41pQugxGaKleSQLIyG2,2026-05-17 04:09:31,24,eleven_multilingual_v2,created
WJrCpDzg543Lmu46VEmc,¿Toma algún medicamento?,MARCIANO RAJOY - Realista y Comercial,j41pQugxGaKleSQLIyG2,2026-05-17 04:09:31,24,eleven_multilingual_v2,created
04e73ETLcjjSSC1O4R3s,¿Tiene alguna enfermedad crónica o tratamiento en curso?,MARCIANO RAJOY - Realista y Comercial,j41pQugxGaKleSQLIyG2,2026-05-17 04:09:29,56,eleven_multilingual_v2,created
pCq1b9M4RmKO7EglvqQr,¿Tiene alguna enfermedad crónica o tratamiento en curso?,MARCIANO RAJOY - Realista y Comercial,j41pQugxGaKleSQLIyG2,2026-05-17 04:09:29,56,eleven_multilingual_v2,created
N6e89hfxYyGU7NoWF76N,¿Podría describir brevemente su queja?,MARCIANO RAJOY - Realista y Comercial,j41pQugxGaKleSQLIyG2,2026-05-17 04:09:27,38,eleven_multilingual_v2,created
Pvl8dHB2kQOVHOccJkGp,¿Podría describir brevemente su queja?,MARCIANO RAJOY - Realista y Comercial,j41pQugxGaKleSQLIyG2,2026-05-17 04:09:27,38,eleven_multilingual_v2,created
ESASw7zcfjGTwSC9m9Fk,¿Desea utilizar el seguro médico público o el seguro privado?,MARCIANO RAJOY - Realista y Comercial,j41pQugxGaKleSQLIyG2,2026-05-17 04:09:26,61,eleven_multilingual_v2,created
I66OY7ezps4sVY2wa6Tu,¿Desea utilizar el seguro médico público o el seguro privado?,MARCIANO RAJOY - Realista y Comercial,j41pQugxGaKleSQLIyG2,2026-05-17 04:09:26,61,eleven_multilingual_v2,created
75GEDqMhNBgswzbTGlFb,¿Podría compartir su información de seguro?,MARCIANO RAJOY - Realista y Comercial,j41pQugxGaKleSQLIyG2,2026-05-17 04:09:24,43,eleven_multilingual_v2,created
cKOCRoQviEZVhJpoxPNf,¿Podría compartir su información de seguro?,MARCIANO RAJOY - Realista y Comercial,j41pQugxGaKleSQLIyG2,2026-05-17 04:09:24,43,eleven_multilingual_v2,created
mctICMOYUaL7kHvcTh2P,¿Podría facilitarme su número de identificación?,MARCIANO RAJOY - Realista y Comercial,j41pQugxGaKleSQLIyG2,2026-05-17 04:09:22,48,eleven_multilingual_v2,created
yJI7BtIpBYuUzpQVlmOt,¿Podría facilitarme su número de identificación?,MARCIANO RAJOY - Realista y Comercial,j41pQugxGaKleSQLIyG2,2026-05-17 04:09:22,48,eleven_multilingual_v2,created
KuHh9mo4e2V3p35oih7l,¿Ha visitado nuestra clínica anteriormente?,MARCIANO RAJOY - Realista y Comercial,j41pQugxGaKleSQLIyG2,2026-05-17 04:09:20,43,eleven_multilingual_v2,created
QVc5amozmq10c9LXXNDI,¿Ha visitado nuestra clínica anteriormente?,MARCIANO RAJOY - Realista y Comercial,j41pQugxGaKleSQLIyG2,2026-05-17 04:09:20,43,eleven_multilingual_v2,created
RMI4XpLZfxV5MBQUV8kg,¿Para qué especialidad desea pedir cita?,MARCIANO RAJOY - Realista y Comercial,j41pQugxGaKleSQLIyG2,2026-05-17 04:09:19,40,eleven_multilingual_v2,created
w6f61SoIUNZOw7L15pNk,¿Para qué especialidad desea pedir cita?,MARCIANO RAJOY - Realista y Comercial,j41pQugxGaKleSQLIyG2,2026-05-17 04:09:19,40,eleven_multilingual_v2,created
Z86RICJbaqYmGuSZxQ4B,"Hola, está hablando con nuestro centro de citas.",MARCIANO RAJOY - Realista y Comercial,j41pQugxGaKleSQLIyG2,2026-05-17 04:09:17,48,eleven_multilingual_v2,created
aJ6FSibU72GlLlplSVaG,"Hola, está hablando con nuestro centro de citas.",MARCIANO RAJOY - Realista y Comercial,j41pQugxGaKleSQLIyG2,2026-05-17 04:09:17,48,eleven_multilingual_v2,created
cK7YyK5SWD2P4vtb6M2m,"Bienvenido, ha dado el paso correcto para su salud.",MARCIANO RAJOY - Realista y Comercial,j41pQugxGaKleSQLIyG2,2026-05-17 04:09:15,51,eleven_multilingual_v2,created
xdPruieamedkLAT02OXy,"Bienvenido, ha dado el paso correcto para su salud.",MARCIANO RAJOY - Realista y Comercial,j41pQugxGaKleSQLIyG2,2026-05-17 04:09:15,51,eleven_multilingual_v2,created
cblOYXekQd8007lo4MXA,"Hola, gracias por llamar a nuestra clínica.",MARCIANO RAJOY - Realista y Comercial,j41pQugxGaKleSQLIyG2,2026-05-17 04:09:14,43,eleven_multilingual_v2,created
mn1Oo2bgXyJ1BQz7k7lr,"Hola, gracias por llamar a nuestra clínica.",MARCIANO RAJOY - Realista y Comercial,j41pQugxGaKleSQLIyG2,2026-05-17 04:09:14,43,eleven_multilingual_v2,created
OBPXkkWmB2StTwYE2dyS,"Le esperamos, estamos seguros de que tendrá una experiencia maravillosa.",MARCIANO RAJOY - Realista y Comercial,j41pQugxGaKleSQLIyG2,2026-05-17 04:09:12,72,eleven_multilingual_v2,created
itmGqRKiciRF29o3OTOy,"Le esperamos, estamos seguros de que tendrá una experiencia maravillosa.",MARCIANO RAJOY - Realista y Comercial,j41pQugxGaKleSQLIyG2,2026-05-17 04:09:12,72,eleven_multilingual_v2,created
s9ZdEjSbtrcIRqFsIuq2,Su sesión ha sido confirmada. ¡Prepárese para relajarse!,MARCIANO RAJOY - Realista y Comercial,j41pQugxGaKleSQLIyG2,2026-05-17 04:09:10,56,eleven_multilingual_v2,created
vdOMJJisv3P2j2s2ttKn,Su sesión ha sido confirmada. ¡Prepárese para relajarse!,MARCIANO RAJOY - Realista y Comercial,j41pQugxGaKleSQLIyG2,2026-05-17 04:09:10,56,eleven_multilingual_v2,created
U33kDuZoDUH7nHwBaJDv,"¡Su cita está lista, se sentirá muy bien!",MARCIANO RAJOY - Realista y Comercial,j41pQugxGaKleSQLIyG2,2026-05-17 04:09:08,41,eleven_multilingual_v2,created
mdjjZ5FKYY4hqI0tCU3A,"¡Su cita está lista, se sentirá muy bien!",MARCIANO RAJOY - Realista y Comercial,j41pQugxGaKleSQLIyG2,2026-05-17 04:09:08,41,eleven_multilingual_v2,created
Ert8l5wwyqm76iz3Zvz2,"Le recomendamos beber agua, se le ofrecerá agua después de su sesión.",MARCIANO RAJOY - Realista y Comercial,j41pQugxGaKleSQLIyG2,2026-05-17 04:09:06,69,eleven_multilingual_v2,created
PBNB93mL113hZosR0JQx,"Le recomendamos beber agua, se le ofrecerá agua después de su sesión.",MARCIANO RAJOY - Realista y Comercial,j41pQugxGaKleSQLIyG2,2026-05-17 04:09:06,69,eleven_multilingual_v2,created
0OxGDubU04kl2my6duH8,El servicio de toallas y zapatillas es gratuito.,MARCIANO RAJOY - Realista y Comercial,j41pQugxGaKleSQLIyG2,2026-05-17 04:09:05,48,eleven_multilingual_v2,created
z8fuiwWwFEif4HUbwNy8,El servicio de toallas y zapatillas es gratuito.,MARCIANO RAJOY - Realista y Comercial,j41pQugxGaKleSQLIyG2,2026-05-17 04:09:05,48,eleven_multilingual_v2,created
HxZSUjHgivNUhdACHOEJ,Le recomendamos que llegue diez minutos antes de su sesión.,MARCIANO RAJOY - Realista y Comercial,j41pQugxGaKleSQLIyG2,2026-05-17 04:09:03,59,eleven_multilingual_v2,created
SeVA4cUArXbwws5gYb4y,Le recomendamos que llegue diez minutos antes de su sesión.,MARCIANO RAJOY - Realista y Comercial,j41pQugxGaKleSQLIyG2,2026-05-17 04:09:03,59,eleven_multilingual_v2,created
YxzrYqLaftOXhKx6EwtG,¿Desea añadir el masaje con piedras calientes?,MARCIANO RAJOY - Realista y Comercial,j41pQugxGaKleSQLIyG2,2026-05-17 04:09:01,46,eleven_multilingual_v2,created
eAfZF9aHc5VThqV2RVuA,¿Desea añadir el masaje con piedras calientes?,MARCIANO RAJOY - Realista y Comercial,j41pQugxGaKleSQLIyG2,2026-05-17 04:09:01,46,eleven_multilingual_v2,created
BcSWQVVKTUMNM0T8ZdKh,¿Prefiere la aromaterapia?,MARCIANO RAJOY - Realista y Comercial,j41pQugxGaKleSQLIyG2,2026-05-17 04:08:59,26,eleven_multilingual_v2,created
